[INFO] Scanning for projects...
[INFO] 
[INFO] -------------------< com:expense-management-service >-------------------
[INFO] Building Expense Management Service 0.0.1-SNAPSHOT
[INFO]   from pom.xml
[INFO] --------------------------------[ jar ]---------------------------------
[INFO] 
[INFO] >>> spring-boot:4.1.0:run (default-cli) > test-compile @ expense-management-service >>>
[INFO] 
[INFO] --- resources:3.5.0:resources (default-resources) @ expense-management-service ---
[INFO] Copying 1 resource from src\main\resources to target\classes
[INFO] Copying 5 resources from src\main\resources to target\classes
[INFO] 
[INFO] --- compiler:3.14.0:compile (default-compile) @ expense-management-service ---
[INFO] Nothing to compile - all classes are up to date.
[INFO] 
[INFO] --- resources:3.5.0:testResources (default-testResources) @ expense-management-service ---
[INFO] skip non existing resourceDirectory C:\Users\Ajaykumar.Korada\Desktop\intranet\intranet-be\EMS\Expense_Management_Service\src\test\resources
[INFO] 
[INFO] --- compiler:3.14.0:testCompile (default-testCompile) @ expense-management-service ---
[INFO] Nothing to compile - all classes are up to date.
[INFO] 
[INFO] <<< spring-boot:4.1.0:run (default-cli) < test-compile @ expense-management-service <<<
[INFO] 
[INFO] 
[INFO] --- spring-boot:4.1.0:run (default-cli) @ expense-management-service ---
[INFO] Attaching agents: []

  .   ____          _            __ _ _
 /\\ / ___'_ __ _ _(_)_ __  __ _ \ \ \ \
( ( )\___ | '_ | '_| | '_ \/ _` | \ \ \ \
 \\/  ___)| |_)| | | | | || (_| |  ) ) ) )
  '  |____| .__|_| |_|_| |_\__, | / / / /
 =========|_|==============|___/=/_/_/_/

 :: Spring Boot ::                (v4.1.0)

2026-07-29T18:39:35.689+05:30  INFO 49044 --- [expense-management-service] [  restartedMain] m.p.springdotenv.DotenvPropertySource    : Initialized Dotenv with DotenvConfig[enabled=true, directory=null, filename=.env, ignoreIfMalformed=false, ignoreIfMissing=true, exportToSystemProperties=false]
2026-07-29T18:39:35.764+05:30  INFO 49044 --- [expense-management-service] [  restartedMain] c.e.ExpenseManagementServiceApplication  : Starting ExpenseManagementServiceApplication using Java 24.0.1 with PID 49044 (C:\Users\Ajaykumar.Korada\Desktop\intranet\intranet-be\EMS\Expense_Management_Service\target\classes started by Ajaykumar.Korada in C:\Users\Ajaykumar.Korada\Desktop\intranet\intranet-be\EMS\Expense_Management_Service)
2026-07-29T18:39:35.767+05:30 DEBUG 49044 --- [expense-management-service] [  restartedMain] c.e.ExpenseManagementServiceApplication  : Running with Spring Boot v4.1.0, Spring v7.0.8
2026-07-29T18:39:35.769+05:30  INFO 49044 --- [expense-management-service] [  restartedMain] c.e.ExpenseManagementServiceApplication  : No active profile set, falling back to 1 default profile: "default"
2026-07-29T18:39:35.972+05:30  INFO 49044 --- [expense-management-service] [  restartedMain] .e.DevToolsPropertyDefaultsPostProcessor : Devtools property defaults active! Set 'spring.devtools.add-properties' to 'false' to disable
2026-07-29T18:39:35.973+05:30  INFO 49044 --- [expense-management-service] [  restartedMain] .e.DevToolsPropertyDefaultsPostProcessor : For additional web related logging consider setting the 'logging.level.web' property to 'DEBUG'
2026-07-29T18:39:46.049+05:30  INFO 49044 --- [expense-management-service] [  restartedMain] .s.d.r.c.RepositoryConfigurationDelegate : Multiple Spring Data modules found, entering strict repository configuration mode
2026-07-29T18:39:46.056+05:30  INFO 49044 --- [expense-management-service] [  restartedMain] .s.d.r.c.RepositoryConfigurationDelegate : Bootstrapping Spring Data JPA repositories in DEFAULT mode.
2026-07-29T18:39:47.917+05:30  INFO 49044 --- [expense-management-service] [  restartedMain] .s.d.r.c.RepositoryConfigurationDelegate : Finished Spring Data repository scanning in 1825 ms. Found 28 JPA repository interfaces.
2026-07-29T18:39:48.287+05:30  INFO 49044 --- [expense-management-service] [  restartedMain] .s.d.r.c.RepositoryConfigurationDelegate : Multiple Spring Data modules found, entering strict repository configuration mode
2026-07-29T18:39:48.292+05:30  INFO 49044 --- [expense-management-service] [  restartedMain] .s.d.r.c.RepositoryConfigurationDelegate : Bootstrapping Spring Data Redis repositories in DEFAULT mode.
2026-07-29T18:39:48.389+05:30  INFO 49044 --- [expense-management-service] [  restartedMain] .RepositoryConfigurationExtensionSupport : Spring Data Redis - Could not safely identify store assignment for repository candidate interface com.expense_management_service.repository.ApprovalDelegationRepository; If you want this repository to be a Redis repository, consider annotating your entities with one of these annotations: org.springframework.data.redis.core.RedisHash (preferred), or consider extending one of the following types with your repository: org.springframework.data.keyvalue.repository.KeyValueRepository
2026-07-29T18:39:48.390+05:30  INFO 49044 --- [expense-management-service] [  restartedMain] .RepositoryConfigurationExtensionSupport : Spring Data Redis - Could not safely identify store assignment for repository candidate interface com.expense_management_service.repository.ApprovalMatrixRepository; If you want this repository to be a Redis repository, consider annotating your entities with one of these annotations: org.springframework.data.redis.core.RedisHash (preferred), or consider extending one of the following types with your repository: org.springframework.data.keyvalue.repository.KeyValueRepository
2026-07-29T18:39:48.392+05:30  INFO 49044 --- [expense-management-service] [  restartedMain] .RepositoryConfigurationExtensionSupport : Spring Data Redis - Could not safely identify store assignment for repository candidate interface com.expense_management_service.repository.ApprovalTaskRepository; If you want this repository to be a Redis repository, consider annotating your entities with one of these annotations: org.springframework.data.redis.core.RedisHash (preferred), or consider extending one of the following types with your repository: org.springframework.data.keyvalue.repository.KeyValueRepository
2026-07-29T18:39:48.396+05:30  INFO 49044 --- [expense-management-service] [  restartedMain] .RepositoryConfigurationExtensionSupport : Spring Data Redis - Could not safely identify store assignment for repository candidate interface com.expense_management_service.repository.AuditLogRepository; If you want this repository to be a Redis repository, consider annotating your entities with one of these annotations: org.springframework.data.redis.core.RedisHash (preferred), or consider extending one of the following types with your repository: org.springframework.data.keyvalue.repository.KeyValueRepository
2026-07-29T18:39:48.398+05:30  INFO 49044 --- [expense-management-service] [  restartedMain] .RepositoryConfigurationExtensionSupport : Spring Data Redis - Could not safely identify store assignment for repository candidate interface com.expense_management_service.repository.CashAdvanceAdjustmentRepository; If you want this repository to be a Redis repository, consider annotating your entities with one of these annotations: org.springframework.data.redis.core.RedisHash (preferred), or consider extending one of the following types with your repository: org.springframework.data.keyvalue.repository.KeyValueRepository
2026-07-29T18:39:48.401+05:30  INFO 49044 --- [expense-management-service] [  restartedMain] .RepositoryConfigurationExtensionSupport : Spring Data Redis - Could not safely identify store assignment for repository candidate interface com.expense_management_service.repository.CashAdvanceRepository; If you want this repository to be a Redis repository, consider annotating your entities with one of these annotations: org.springframework.data.redis.core.RedisHash (preferred), or consider extending one of the following types with your repository: org.springframework.data.keyvalue.repository.KeyValueRepository
2026-07-29T18:39:48.404+05:30  INFO 49044 --- [expense-management-service] [  restartedMain] .RepositoryConfigurationExtensionSupport : Spring Data Redis - Could not safely identify store assignment for repository candidate interface com.expense_management_service.repository.CdcFailureLogRepository; If you want this repository to be a Redis repository, consider annotating your entities with one of these annotations: org.springframework.data.redis.core.RedisHash (preferred), or consider extending one of the following types with your repository: org.springframework.data.keyvalue.repository.KeyValueRepository
2026-07-29T18:39:48.409+05:30  INFO 49044 --- [expense-management-service] [  restartedMain] .RepositoryConfigurationExtensionSupport : Spring Data Redis - Could not safely identify store assignment for repository candidate interface com.expense_management_service.repository.CostAllocationRepository; If you want this repository to be a Redis repository, consider annotating your entities with one of these annotations: org.springframework.data.redis.core.RedisHash (preferred), or consider extending one of the following types with your repository: org.springframework.data.keyvalue.repository.KeyValueRepository
2026-07-29T18:39:48.415+05:30  INFO 49044 --- [expense-management-service] [  restartedMain] .RepositoryConfigurationExtensionSupport : Spring Data Redis - Could not safely identify store assignment for repository candidate interface com.expense_management_service.repository.CostCenterBudgetRepository; If you want this repository to be a Redis repository, consider annotating your entities with one of these annotations: org.springframework.data.redis.core.RedisHash (preferred), or consider extending one of the following types with your repository: org.springframework.data.keyvalue.repository.KeyValueRepository
2026-07-29T18:39:48.418+05:30  INFO 49044 --- [expense-management-service] [  restartedMain] .RepositoryConfigurationExtensionSupport : Spring Data Redis - Could not safely identify store assignment for repository candidate interface com.expense_management_service.repository.CostCenterRepository; If you want this repository to be a Redis repository, consider annotating your entities with one of these annotations: org.springframework.data.redis.core.RedisHash (preferred), or consider extending one of the following types with your repository: org.springframework.data.keyvalue.repository.KeyValueRepository
2026-07-29T18:39:48.419+05:30  INFO 49044 --- [expense-management-service] [  restartedMain] .RepositoryConfigurationExtensionSupport : Spring Data Redis - Could not safely identify store assignment for repository candidate interface com.expense_management_service.repository.CurrencyRepository; If you want this repository to be a Redis repository, consider annotating your entities with one of these annotations: org.springframework.data.redis.core.RedisHash (preferred), or consider extending one of the following types with your repository: org.springframework.data.keyvalue.repository.KeyValueRepository
2026-07-29T18:39:48.421+05:30  INFO 49044 --- [expense-management-service] [  restartedMain] .RepositoryConfigurationExtensionSupport : Spring Data Redis - Could not safely identify store assignment for repository candidate interface com.expense_management_service.repository.EmployeeCacheRepository; If you want this repository to be a Redis repository, consider annotating your entities with one of these annotations: org.springframework.data.redis.core.RedisHash (preferred), or consider extending one of the following types with your repository: org.springframework.data.keyvalue.repository.KeyValueRepository
2026-07-29T18:39:48.422+05:30  INFO 49044 --- [expense-management-service] [  restartedMain] .RepositoryConfigurationExtensionSupport : Spring Data Redis - Could not safely identify store assignment for repository candidate interface com.expense_management_service.repository.ExchangeRateRepository; If you want this repository to be a Redis repository, consider annotating your entities with one of these annotations: org.springframework.data.redis.core.RedisHash (preferred), or consider extending one of the following types with your repository: org.springframework.data.keyvalue.repository.KeyValueRepository
2026-07-29T18:39:48.424+05:30  INFO 49044 --- [expense-management-service] [  restartedMain] .RepositoryConfigurationExtensionSupport : Spring Data Redis - Could not safely identify store assignment for repository candidate interface com.expense_management_service.repository.ExpenseCategoryRepository; If you want this repository to be a Redis repository, consider annotating your entities with one of these annotations: org.springframework.data.redis.core.RedisHash (preferred), or consider extending one of the following types with your repository: org.springframework.data.keyvalue.repository.KeyValueRepository
2026-07-29T18:39:48.427+05:30  INFO 49044 --- [expense-management-service] [  restartedMain] .RepositoryConfigurationExtensionSupport : Spring Data Redis - Could not safely identify store assignment for repository candidate interface com.expense_management_service.repository.ExpenseLineItemRepository; If you want this repository to be a Redis repository, consider annotating your entities with one of these annotations: org.springframework.data.redis.core.RedisHash (preferred), or consider extending one of the following types with your repository: org.springframework.data.keyvalue.repository.KeyValueRepository
2026-07-29T18:39:48.430+05:30  INFO 49044 --- [expense-management-service] [  restartedMain] .RepositoryConfigurationExtensionSupport : Spring Data Redis - Could not safely identify store assignment for repository candidate interface com.expense_management_service.repository.ExpenseReportRepository; If you want this repository to be a Redis repository, consider annotating your entities with one of these annotations: org.springframework.data.redis.core.RedisHash (preferred), or consider extending one of the following types with your repository: org.springframework.data.keyvalue.repository.KeyValueRepository
2026-07-29T18:39:48.433+05:30  INFO 49044 --- [expense-management-service] [  restartedMain] .RepositoryConfigurationExtensionSupport : Spring Data Redis - Could not safely identify store assignment for repository candidate interface com.expense_management_service.repository.GlAccountRepository; If you want this repository to be a Redis repository, consider annotating your entities with one of these annotations: org.springframework.data.redis.core.RedisHash (preferred), or consider extending one of the following types with your repository: org.springframework.data.keyvalue.repository.KeyValueRepository
2026-07-29T18:39:48.436+05:30  INFO 49044 --- [expense-management-service] [  restartedMain] .RepositoryConfigurationExtensionSupport : Spring Data Redis - Could not safely identify store assignment for repository candidate interface com.expense_management_service.repository.IntegrationSyncRepository; If you want this repository to be a Redis repository, consider annotating your entities with one of these annotations: org.springframework.data.redis.core.RedisHash (preferred), or consider extending one of the following types with your repository: org.springframework.data.keyvalue.repository.KeyValueRepository
2026-07-29T18:39:48.438+05:30  INFO 49044 --- [expense-management-service] [  restartedMain] .RepositoryConfigurationExtensionSupport : Spring Data Redis - Could not safely identify store assignment for repository candidate interface com.expense_management_service.repository.InvoiceSyncRepository; If you want this repository to be a Redis repository, consider annotating your entities with one of these annotations: org.springframework.data.redis.core.RedisHash (preferred), or consider extending one of the following types with your repository: org.springframework.data.keyvalue.repository.KeyValueRepository
2026-07-29T18:39:48.440+05:30  INFO 49044 --- [expense-management-service] [  restartedMain] .RepositoryConfigurationExtensionSupport : Spring Data Redis - Could not safely identify store assignment for repository candidate interface com.expense_management_service.repository.NotificationRepository; If you want this repository to be a Redis repository, consider annotating your entities with one of these annotations: org.springframework.data.redis.core.RedisHash (preferred), or consider extending one of the following types with your repository: org.springframework.data.keyvalue.repository.KeyValueRepository
2026-07-29T18:39:48.441+05:30  INFO 49044 --- [expense-management-service] [  restartedMain] .RepositoryConfigurationExtensionSupport : Spring Data Redis - Could not safely identify store assignment for repository candidate interface com.expense_management_service.repository.PolicyRuleRepository; If you want this repository to be a Redis repository, consider annotating your entities with one of these annotations: org.springframework.data.redis.core.RedisHash (preferred), or consider extending one of the following types with your repository: org.springframework.data.keyvalue.repository.KeyValueRepository
2026-07-29T18:39:48.445+05:30  INFO 49044 --- [expense-management-service] [  restartedMain] .RepositoryConfigurationExtensionSupport : Spring Data Redis - Could not safely identify store assignment for repository candidate interface com.expense_management_service.repository.PolicyViolationRepository; If you want this repository to be a Redis repository, consider annotating your entities with one of these annotations: org.springframework.data.redis.core.RedisHash (preferred), or consider extending one of the following types with your repository: org.springframework.data.keyvalue.repository.KeyValueRepository
2026-07-29T18:39:48.448+05:30  INFO 49044 --- [expense-management-service] [  restartedMain] .RepositoryConfigurationExtensionSupport : Spring Data Redis - Could not safely identify store assignment for repository candidate interface com.expense_management_service.repository.ProjectCacheRepository; If you want this repository to be a Redis repository, consider annotating your entities with one of these annotations: org.springframework.data.redis.core.RedisHash (preferred), or consider extending one of the following types with your repository: org.springframework.data.keyvalue.repository.KeyValueRepository
2026-07-29T18:39:48.451+05:30  INFO 49044 --- [expense-management-service] [  restartedMain] .RepositoryConfigurationExtensionSupport : Spring Data Redis - Could not safely identify store assignment for repository candidate interface com.expense_management_service.repository.ReceiptOcrRepository; If you want this repository to be a Redis repository, consider annotating your entities with one of these annotations: org.springframework.data.redis.core.RedisHash (preferred), or consider extending one of the following types with your repository: org.springframework.data.keyvalue.repository.KeyValueRepository
2026-07-29T18:39:48.453+05:30  INFO 49044 --- [expense-management-service] [  restartedMain] .RepositoryConfigurationExtensionSupport : Spring Data Redis - Could not safely identify store assignment for repository candidate interface com.expense_management_service.repository.ReceiptRepository; If you want this repository to be a Redis repository, consider annotating your entities with one of these annotations: org.springframework.data.redis.core.RedisHash (preferred), or consider extending one of the following types with your repository: org.springframework.data.keyvalue.repository.KeyValueRepository
2026-07-29T18:39:48.454+05:30  INFO 49044 --- [expense-management-service] [  restartedMain] .RepositoryConfigurationExtensionSupport : Spring Data Redis - Could not safely identify store assignment for repository candidate interface com.expense_management_service.repository.SavedFilterRepository; If you want this repository to be a Redis repository, consider annotating your entities with one of these annotations: org.springframework.data.redis.core.RedisHash (preferred), or consider extending one of the following types with your repository: org.springframework.data.keyvalue.repository.KeyValueRepository
2026-07-29T18:39:48.456+05:30  INFO 49044 --- [expense-management-service] [  restartedMain] .RepositoryConfigurationExtensionSupport : Spring Data Redis - Could not safely identify store assignment for repository candidate interface com.expense_management_service.repository.SystemConfigurationRepository; If you want this repository to be a Redis repository, consider annotating your entities with one of these annotations: org.springframework.data.redis.core.RedisHash (preferred), or consider extending one of the following types with your repository: org.springframework.data.keyvalue.repository.KeyValueRepository
2026-07-29T18:39:48.459+05:30  INFO 49044 --- [expense-management-service] [  restartedMain] .RepositoryConfigurationExtensionSupport : Spring Data Redis - Could not safely identify store assignment for repository candidate interface com.expense_management_service.repository.VerificationQueryRepository; If you want this repository to be a Redis repository, consider annotating your entities with one of these annotations: org.springframework.data.redis.core.RedisHash (preferred), or consider extending one of the following types with your repository: org.springframework.data.keyvalue.repository.KeyValueRepository
2026-07-29T18:39:48.461+05:30  INFO 49044 --- [expense-management-service] [  restartedMain] .s.d.r.c.RepositoryConfigurationDelegate : Finished Spring Data repository scanning in 126 ms. Found 0 Redis repository interfaces.
2026-07-29T18:39:53.105+05:30  INFO 49044 --- [expense-management-service] [  restartedMain] o.s.boot.tomcat.TomcatWebServer          : Tomcat initialized with port 8080 (http)
2026-07-29T18:39:53.202+05:30  INFO 49044 --- [expense-management-service] [  restartedMain] o.apache.catalina.core.StandardService   : Starting service [Tomcat]
2026-07-29T18:39:53.206+05:30  INFO 49044 --- [expense-management-service] [  restartedMain] o.apache.catalina.core.StandardEngine    : Starting Servlet engine: [Apache Tomcat/11.0.22]
2026-07-29T18:39:53.586+05:30  INFO 49044 --- [expense-management-service] [  restartedMain] b.w.c.s.WebApplicationContextInitializer : Root WebApplicationContext: initialization completed in 17610 ms
2026-07-29T18:39:54.464+05:30 DEBUG 49044 --- [expense-management-service] [  restartedMain] o.s.w.f.ServerHttpObservationFilter      : Filter 'webMvcObservationFilter' configured for use
2026-07-29T18:39:55.939+05:30  INFO 49044 --- [expense-management-service] [  restartedMain] com.zaxxer.hikari.HikariDataSource       : ExpenseManagementPool - Starting...
2026-07-29T18:39:58.337+05:30  INFO 49044 --- [expense-management-service] [  restartedMain] com.zaxxer.hikari.pool.HikariPool        : ExpenseManagementPool - Added connection com.mysql.cj.jdbc.ConnectionImpl@4e41d8c5
2026-07-29T18:39:58.347+05:30  INFO 49044 --- [expense-management-service] [  restartedMain] com.zaxxer.hikari.HikariDataSource       : ExpenseManagementPool - Start completed.
2026-07-29T18:39:58.547+05:30  INFO 49044 --- [expense-management-service] [  restartedMain] org.flywaydb.core.FlywayExecutor         : Database: jdbc:mysql://mysql-2652f645-expensemanagement.d.aivencloud.com:18971/expense_management?sslMode=REQUIRED&serverTimezone=UTC (MySQL 8.4)
2026-07-29T18:39:59.956+05:30  INFO 49044 --- [expense-management-service] [  restartedMain] o.f.core.internal.command.DbValidate     : Successfully validated 5 migrations (execution time 00:00.548s)
2026-07-29T18:40:00.661+05:30  INFO 49044 --- [expense-management-service] [  restartedMain] o.f.core.internal.command.DbMigrate      : Current version of schema `expense_management`: 4
2026-07-29T18:40:01.009+05:30  INFO 49044 --- [expense-management-service] [  restartedMain] o.f.core.internal.command.DbMigrate      : Migrating schema `expense_management` to version "5 - policy rule cleanup"
2026-07-29T18:40:02.682+05:30  INFO 49044 --- [expense-management-service] [  restartedMain] o.f.core.internal.command.DbMigrate      : Successfully applied 1 migration to schema `expense_management`, now at version v5 (execution time 00:00.742s)
2026-07-29T18:40:03.823+05:30  INFO 49044 --- [expense-management-service] [  restartedMain] org.hibernate.orm.jpa                    : HHH008540: Processing PersistenceUnitInfo [name: default]
2026-07-29T18:40:04.128+05:30  INFO 49044 --- [expense-management-service] [  restartedMain] org.hibernate.orm.core                   : HHH000001: Hibernate ORM core version 7.4.1.Final
2026-07-29T18:40:06.911+05:30  INFO 49044 --- [expense-management-service] [  restartedMain] o.s.o.j.p.SpringPersistenceUnitInfo      : No LoadTimeWeaver setup: ignoring JPA class transformer
2026-07-29T18:40:07.436+05:30  WARN 49044 --- [expense-management-service] [  restartedMain] org.hibernate.orm.deprecation            : HHH90000025: MySQLDialect does not need to be specified explicitly using 'hibernate.dialect' (remove the property setting and it will be selected by default)
2026-07-29T18:40:07.554+05:30  INFO 49044 --- [expense-management-service] [  restartedMain] org.hibernate.orm.connections.pooling    : HHH10001005: Database info:
	Database JDBC URL [jdbc:mysql://mysql-2652f645-expensemanagement.d.aivencloud.com:18971/expense_management?sslMode=REQUIRED&serverTimezone=UTC]
	Database driver: MySQL Connector/J
	Database dialect: MySQLDialect
	Database version: 8.4.8
	Default catalog/schema: expense_management/undefined
	Autocommit mode: undefined/unknown
	Isolation level: REPEATABLE_READ [default REPEATABLE_READ]
	JDBC fetch size: none
	Pool: DataSourceConnectionProvider
	Minimum pool size: undefined/unknown
	Maximum pool size: undefined/unknown
2026-07-29T18:40:16.856+05:30  INFO 49044 --- [expense-management-service] [  restartedMain] org.hibernate.orm.core                   : HHH000489: No JTA platform available (set 'hibernate.transaction.jta.platform' to enable JTA platform integration)
2026-07-29T18:40:17.355+05:30 DEBUG 49044 --- [expense-management-service] [  restartedMain] org.hibernate.SQL                        : 
    alter table approval_task 
       add column approval_mode enum ('PARALLEL_ALL','PARALLEL_ANY','SEQUENTIAL')
Hibernate: 
    alter table approval_task 
       add column approval_mode enum ('PARALLEL_ALL','PARALLEL_ANY','SEQUENTIAL')
2026-07-29T18:40:17.502+05:30 DEBUG 49044 --- [expense-management-service] [  restartedMain] org.hibernate.SQL                        : 
    alter table policy_rule 
       add column created_at datetime(6) not null
Hibernate: 
    alter table policy_rule 
       add column created_at datetime(6) not null
2026-07-29T18:40:17.655+05:30 DEBUG 49044 --- [expense-management-service] [  restartedMain] org.hibernate.SQL                        : 
    alter table policy_rule 
       add column updated_at datetime(6) not null
Hibernate: 
    alter table policy_rule 
       add column updated_at datetime(6) not null
2026-07-29T18:40:17.833+05:30 DEBUG 49044 --- [expense-management-service] [  restartedMain] org.hibernate.SQL                        : 
    create table policy_violation (
        violation_id binary(16) not null,
        created_at datetime(6) not null,
        detected_at datetime(6),
        justification tinytext,
        justified_at datetime(6),
        message tinytext,
        rule_type enum ('AMOUNT_LIMIT','BACKDATED_DAYS','DUPLICATE_EXPENSE','MISSING_DESCRIPTION','RECEIPT_REQUIRED') not null,
        severity enum ('INFO','WARN') not null,
        updated_at datetime(6) not null,
        line_item_id binary(16) not null,
        policy_id binary(16),
        primary key (violation_id)
    ) engine=InnoDB
Hibernate: 
    create table policy_violation (
        violation_id binary(16) not null,
        created_at datetime(6) not null,
        detected_at datetime(6),
        justification tinytext,
        justified_at datetime(6),
        message tinytext,
        rule_type enum ('AMOUNT_LIMIT','BACKDATED_DAYS','DUPLICATE_EXPENSE','MISSING_DESCRIPTION','RECEIPT_REQUIRED') not null,
        severity enum ('INFO','WARN') not null,
        updated_at datetime(6) not null,
        line_item_id binary(16) not null,
        policy_id binary(16),
        primary key (violation_id)
    ) engine=InnoDB
2026-07-29T18:40:18.340+05:30 DEBUG 49044 --- [expense-management-service] [  restartedMain] org.hibernate.SQL                        : 
    alter table policy_violation 
       add constraint FKlev4hhl1t82ty4064rl4oue6l 
       foreign key (line_item_id) 
       references expense_line_item (line_item_id)
Hibernate: 
    alter table policy_violation 
       add constraint FKlev4hhl1t82ty4064rl4oue6l 
       foreign key (line_item_id) 
       references expense_line_item (line_item_id)
2026-07-29T18:40:18.519+05:30 DEBUG 49044 --- [expense-management-service] [  restartedMain] org.hibernate.SQL                        : 
    alter table policy_violation 
       add constraint FK2vhfd8e9xc8nbt8rjmfxkf20o 
       foreign key (policy_id) 
       references policy_rule (policy_id)
Hibernate: 
    alter table policy_violation 
       add constraint FK2vhfd8e9xc8nbt8rjmfxkf20o 
       foreign key (policy_id) 
       references policy_rule (policy_id)
2026-07-29T18:40:18.678+05:30  INFO 49044 --- [expense-management-service] [  restartedMain] j.LocalContainerEntityManagerFactoryBean : Initialized JPA EntityManagerFactory for persistence unit 'default'
2026-07-29T18:40:19.700+05:30  INFO 49044 --- [expense-management-service] [  restartedMain] o.s.d.j.r.query.QueryEnhancerFactories   : Hibernate is in classpath; If applicable, HQL parser will be used.
2026-07-29T18:40:37.060+05:30 DEBUG 49044 --- [expense-management-service] [  restartedMain] swordEncoderAuthenticationManagerBuilder : No authenticationProviders and no parentAuthenticationManager defined. Returning null.
2026-07-29T18:40:38.438+05:30 DEBUG 49044 --- [expense-management-service] [  restartedMain] o.s.s.web.DefaultSecurityFilterChain     : Will secure any request with filters: DisableEncodeUrlFilter, WebAsyncManagerIntegrationFilter, SecurityContextHolderFilter, HeaderWriterFilter, CorsFilter, LogoutFilter, OAuth2ProtectedResourceMetadataFilter, BearerTokenAuthenticationFilter, RequestCacheAwareFilter, SecurityContextHolderAwareRequestFilter, AnonymousAuthenticationFilter, SessionManagementFilter, ExceptionTranslationFilter, AuthorizationFilter
2026-07-29T18:40:39.415+05:30 DEBUG 49044 --- [expense-management-service] [  restartedMain] s.w.s.m.m.a.RequestMappingHandlerMapping : 146 mappings in 'requestMappingHandlerMapping'
2026-07-29T18:40:39.574+05:30 DEBUG 49044 --- [expense-management-service] [  restartedMain] o.s.w.s.handler.SimpleUrlHandlerMapping  : Patterns [/webjars/**, /**, /swagger-ui*/*swagger-initializer.js, /swagger-ui*/**] in 'resourceHandlerMapping'
2026-07-29T18:40:39.719+05:30 DEBUG 49044 --- [expense-management-service] [  restartedMain] s.w.s.m.m.a.RequestMappingHandlerAdapter : ControllerAdvice beans: 0 @ModelAttribute, 0 @InitBinder, 2 RequestBodyAdvice, 1 ResponseBodyAdvice
2026-07-29T18:40:40.062+05:30 DEBUG 49044 --- [expense-management-service] [  restartedMain] .m.m.a.ExceptionHandlerExceptionResolver : ControllerAdvice beans: 2 @ExceptionHandler, 1 ResponseBodyAdvice
WARNING: A terminally deprecated method in sun.misc.Unsafe has been called
WARNING: sun.misc.Unsafe::allocateMemory has been called by io.netty.util.internal.PlatformDependent0$2 (file:/C:/Users/Ajaykumar.Korada/.m2/repository/io/netty/netty-common/4.2.15.Final/netty-common-4.2.15.Final.jar)
WARNING: Please consider reporting this to the maintainers of class io.netty.util.internal.PlatformDependent0$2
WARNING: sun.misc.Unsafe::allocateMemory will be removed in a future release
2026-07-29T18:40:46.908+05:30  INFO 49044 --- [expense-management-service] [  restartedMain] o.s.b.a.e.web.EndpointLinksResolver      : Exposing 2 endpoints beneath base path '/actuator'
2026-07-29T18:40:47.889+05:30  INFO 49044 --- [expense-management-service] [  restartedMain] o.s.boot.tomcat.TomcatWebServer          : Tomcat started on port 8080 (http) with context path '/'
2026-07-29T18:40:48.174+05:30  INFO 49044 --- [expense-management-service] [  restartedMain] o.a.kafka.common.config.AbstractConfig   : ConsumerConfig values: 
	allow.auto.create.topics = true
	auto.commit.interval.ms = 5000
	auto.offset.reset = earliest
	bootstrap.servers = [localhost:19092]
	check.crcs = true
	client.dns.lookup = use_all_dns_ips
	client.id = consumer-xms-employee-consumer-1
	client.rack = 
	config.providers = []
	connections.max.idle.ms = 540000
	default.api.timeout.ms = 60000
	enable.auto.commit = false
	enable.metrics.push = true
	exclude.internal.topics = true
	fetch.max.bytes = 52428800
	fetch.max.wait.ms = 500
	fetch.min.bytes = 1
	group.id = xms-employee-consumer
	group.instance.id = null
	group.protocol = classic
	group.remote.assignor = null
	heartbeat.interval.ms = 3000
	interceptor.classes = []
	internal.throw.on.fetch.stable.offset.unsupported = false
	isolation.level = read_uncommitted
	key.deserializer = class org.apache.kafka.common.serialization.StringDeserializer
	max.partition.fetch.bytes = 1048576
	max.poll.interval.ms = 300000
	max.poll.records = 500
	metadata.max.age.ms = 300000
	metadata.recovery.rebootstrap.trigger.ms = 300000
	metadata.recovery.strategy = rebootstrap
	metric.reporters = [org.apache.kafka.common.metrics.JmxReporter]
	metrics.num.samples = 2
	metrics.recording.level = INFO
	metrics.sample.window.ms = 30000
	partition.assignment.strategy = [class org.apache.kafka.clients.consumer.RangeAssignor, class org.apache.kafka.clients.consumer.CooperativeStickyAssignor]
	receive.buffer.bytes = 65536
	reconnect.backoff.max.ms = 1000
	reconnect.backoff.ms = 50
	request.timeout.ms = 30000
	retry.backoff.max.ms = 1000
	retry.backoff.ms = 100
	sasl.client.callback.handler.class = null
	sasl.jaas.config = null
	sasl.kerberos.kinit.cmd = /usr/bin/kinit
	sasl.kerberos.min.time.before.relogin = 60000
	sasl.kerberos.service.name = null
	sasl.kerberos.ticket.renew.jitter = 0.05
	sasl.kerberos.ticket.renew.window.factor = 0.8
	sasl.login.callback.handler.class = null
	sasl.login.class = null
	sasl.login.connect.timeout.ms = null
	sasl.login.read.timeout.ms = null
	sasl.login.refresh.buffer.seconds = 300
	sasl.login.refresh.min.period.seconds = 60
	sasl.login.refresh.window.factor = 0.8
	sasl.login.refresh.window.jitter = 0.05
	sasl.login.retry.backoff.max.ms = 10000
	sasl.login.retry.backoff.ms = 100
	sasl.mechanism = GSSAPI
	sasl.oauthbearer.assertion.algorithm = RS256
	sasl.oauthbearer.assertion.claim.aud = null
	sasl.oauthbearer.assertion.claim.exp.seconds = 300
	sasl.oauthbearer.assertion.claim.iss = null
	sasl.oauthbearer.assertion.claim.jti.include = false
	sasl.oauthbearer.assertion.claim.nbf.seconds = 60
	sasl.oauthbearer.assertion.claim.sub = null
	sasl.oauthbearer.assertion.file = null
	sasl.oauthbearer.assertion.private.key.file = null
	sasl.oauthbearer.assertion.private.key.passphrase = null
	sasl.oauthbearer.assertion.template.file = null
	sasl.oauthbearer.client.credentials.client.id = null
	sasl.oauthbearer.client.credentials.client.secret = null
	sasl.oauthbearer.clock.skew.seconds = 30
	sasl.oauthbearer.expected.audience = []
	sasl.oauthbearer.expected.issuer = null
	sasl.oauthbearer.header.urlencode = false
	sasl.oauthbearer.jwks.endpoint.refresh.ms = 3600000
	sasl.oauthbearer.jwks.endpoint.retry.backoff.max.ms = 10000
	sasl.oauthbearer.jwks.endpoint.retry.backoff.ms = 100
	sasl.oauthbearer.jwks.endpoint.url = null
	sasl.oauthbearer.jwt.retriever.class = class org.apache.kafka.common.security.oauthbearer.DefaultJwtRetriever
	sasl.oauthbearer.jwt.validator.class = class org.apache.kafka.common.security.oauthbearer.DefaultJwtValidator
	sasl.oauthbearer.scope = null
	sasl.oauthbearer.scope.claim.name = scope
	sasl.oauthbearer.sub.claim.name = sub
	sasl.oauthbearer.token.endpoint.url = null
	security.protocol = PLAINTEXT
	security.providers = null
	send.buffer.bytes = 131072
	session.timeout.ms = 45000
	share.acknowledgement.mode = implicit
	share.acquire.mode = BATCH_OPTIMIZED
	socket.connection.setup.timeout.max.ms = 30000
	socket.connection.setup.timeout.ms = 10000
	ssl.cipher.suites = []
	ssl.enabled.protocols = [TLSv1.2, TLSv1.3]
	ssl.endpoint.identification.algorithm = https
	ssl.engine.factory.class = null
	ssl.key.password = null
	ssl.keymanager.algorithm = SunX509
	ssl.keystore.certificate.chain = null
	ssl.keystore.key = null
	ssl.keystore.location = null
	ssl.keystore.password = null
	ssl.keystore.type = JKS
	ssl.protocol = TLSv1.3
	ssl.provider = null
	ssl.secure.random.implementation = null
	ssl.trustmanager.algorithm = PKIX
	ssl.truststore.certificates = null
	ssl.truststore.location = null
	ssl.truststore.password = null
	ssl.truststore.type = JKS
	value.deserializer = class org.apache.kafka.common.serialization.StringDeserializer

2026-07-29T18:40:48.413+05:30  INFO 49044 --- [expense-management-service] [  restartedMain] o.a.k.c.t.i.KafkaMetricsCollector        : initializing Kafka metrics collector
2026-07-29T18:40:49.389+05:30  INFO 49044 --- [expense-management-service] [  restartedMain] o.a.kafka.common.utils.AppInfoParser     : Kafka version: 4.2.1
2026-07-29T18:40:49.391+05:30  INFO 49044 --- [expense-management-service] [  restartedMain] o.a.kafka.common.utils.AppInfoParser     : Kafka commitId: 92f61c44867f39dc
2026-07-29T18:40:49.394+05:30  INFO 49044 --- [expense-management-service] [  restartedMain] o.a.kafka.common.utils.AppInfoParser     : Kafka startTimeMs: 1785330649378
2026-07-29T18:40:49.418+05:30  INFO 49044 --- [expense-management-service] [  restartedMain] o.a.k.c.c.i.ClassicKafkaConsumer         : [Consumer clientId=consumer-xms-employee-consumer-1, groupId=xms-employee-consumer] Subscribed to topic(s): eos_dev.eos.employee_details
2026-07-29T18:40:49.562+05:30  INFO 49044 --- [expense-management-service] [  restartedMain] c.e.ExpenseManagementServiceApplication  : Started ExpenseManagementServiceApplication in 76.602 seconds (process running for 79.369)
2026-07-29T18:40:52.237+05:30  INFO 49044 --- [expense-management-service] [ntainer#0-0-C-1] org.apache.kafka.clients.Metadata        : [Consumer clientId=consumer-xms-employee-consumer-1, groupId=xms-employee-consumer] Cluster ID: redpanda.7de2bd9a-deb3-452b-a588-54332c0a33b8
2026-07-29T18:40:52.245+05:30  INFO 49044 --- [expense-management-service] [ntainer#0-0-C-1] o.a.k.c.c.internals.ConsumerCoordinator  : [Consumer clientId=consumer-xms-employee-consumer-1, groupId=xms-employee-consumer] Discovered group coordinator localhost:19092 (id: 2147483647 rack: null isFenced: false)
2026-07-29T18:40:52.253+05:30  INFO 49044 --- [expense-management-service] [ntainer#0-0-C-1] o.a.k.c.c.internals.ConsumerCoordinator  : [Consumer clientId=consumer-xms-employee-consumer-1, groupId=xms-employee-consumer] (Re-)joining group
2026-07-29T18:40:52.316+05:30  INFO 49044 --- [expense-management-service] [ntainer#0-0-C-1] o.a.k.c.c.internals.ConsumerCoordinator  : [Consumer clientId=consumer-xms-employee-consumer-1, groupId=xms-employee-consumer] Request joining group due to: need to re-join with the given member-id: consumer-xms-employee-consumer-1-11628046-9b23-4c71-81d4-1bccd8b02aef
2026-07-29T18:40:52.319+05:30  INFO 49044 --- [expense-management-service] [ntainer#0-0-C-1] o.a.k.c.c.internals.ConsumerCoordinator  : [Consumer clientId=consumer-xms-employee-consumer-1, groupId=xms-employee-consumer] (Re-)joining group
2026-07-29T18:40:52.336+05:30  INFO 49044 --- [expense-management-service] [ntainer#0-0-C-1] o.a.k.c.c.internals.ConsumerCoordinator  : [Consumer clientId=consumer-xms-employee-consumer-1, groupId=xms-employee-consumer] Successfully joined group with generation Generation{generationId=21, memberId='consumer-xms-employee-consumer-1-11628046-9b23-4c71-81d4-1bccd8b02aef', protocol='range'}
2026-07-29T18:40:52.357+05:30  INFO 49044 --- [expense-management-service] [ntainer#0-0-C-1] o.a.k.c.c.internals.ConsumerCoordinator  : [Consumer clientId=consumer-xms-employee-consumer-1, groupId=xms-employee-consumer] Finished assignment for group at generation 21: {consumer-xms-employee-consumer-1-11628046-9b23-4c71-81d4-1bccd8b02aef=Assignment(partitions=[eos_dev.eos.employee_details-0])}
2026-07-29T18:40:52.464+05:30  INFO 49044 --- [expense-management-service] [ntainer#0-0-C-1] o.a.k.c.c.internals.ConsumerCoordinator  : [Consumer clientId=consumer-xms-employee-consumer-1, groupId=xms-employee-consumer] Successfully synced group in generation Generation{generationId=21, memberId='consumer-xms-employee-consumer-1-11628046-9b23-4c71-81d4-1bccd8b02aef', protocol='range'}
2026-07-29T18:40:52.469+05:30  INFO 49044 --- [expense-management-service] [ntainer#0-0-C-1] o.a.k.c.c.internals.ConsumerCoordinator  : [Consumer clientId=consumer-xms-employee-consumer-1, groupId=xms-employee-consumer] Notifying assignor about the new Assignment(partitions=[eos_dev.eos.employee_details-0])
2026-07-29T18:40:52.482+05:30  INFO 49044 --- [expense-management-service] [ntainer#0-0-C-1] k.c.c.i.ConsumerRebalanceListenerInvoker : [Consumer clientId=consumer-xms-employee-consumer-1, groupId=xms-employee-consumer] Adding newly assigned partitions: [eos_dev.eos.employee_details-0]
2026-07-29T18:40:52.528+05:30  INFO 49044 --- [expense-management-service] [ntainer#0-0-C-1] o.a.k.c.c.internals.ConsumerUtils        : Setting offset for partition eos_dev.eos.employee_details-0 to the committed offset FetchPosition{offset=5, offsetEpoch=Optional.empty, currentLeader=LeaderAndEpoch{leader=Optional[localhost:19092 (id: 0 rack: null isFenced: false)], epoch=absent}}
2026-07-29T18:40:52.536+05:30  INFO 49044 --- [expense-management-service] [ntainer#0-0-C-1] o.s.k.l.KafkaMessageListenerContainer    : xms-employee-consumer: partitions assigned: [eos_dev.eos.employee_details-0]
2026-07-29T18:42:06.696+05:30  INFO 49044 --- [expense-management-service] [nio-8080-exec-1] o.a.c.c.C.[Tomcat].[localhost].[/]       : Initializing Spring DispatcherServlet 'dispatcherServlet'
2026-07-29T18:42:06.698+05:30  INFO 49044 --- [expense-management-service] [nio-8080-exec-1] o.s.web.servlet.DispatcherServlet        : Initializing Servlet 'dispatcherServlet'
2026-07-29T18:42:06.700+05:30 DEBUG 49044 --- [expense-management-service] [nio-8080-exec-1] o.s.web.servlet.DispatcherServlet        : Detected StandardServletMultipartResolver
2026-07-29T18:42:06.701+05:30 DEBUG 49044 --- [expense-management-service] [nio-8080-exec-1] o.s.web.servlet.DispatcherServlet        : Detected AcceptHeaderLocaleResolver
2026-07-29T18:42:06.707+05:30 DEBUG 49044 --- [expense-management-service] [nio-8080-exec-1] o.s.web.servlet.DispatcherServlet        : Detected org.springframework.web.servlet.view.DefaultRequestToViewNameTranslator@5c4a860a
2026-07-29T18:42:06.709+05:30 DEBUG 49044 --- [expense-management-service] [nio-8080-exec-1] o.s.web.servlet.DispatcherServlet        : Detected org.springframework.web.servlet.support.SessionFlashMapManager@13d38fe6
2026-07-29T18:42:06.711+05:30 DEBUG 49044 --- [expense-management-service] [nio-8080-exec-1] o.s.web.servlet.DispatcherServlet        : enableLoggingRequestDetails='false': request parameters and headers will be masked to prevent unsafe logging of potentially sensitive data
2026-07-29T18:42:06.712+05:30  INFO 49044 --- [expense-management-service] [nio-8080-exec-1] o.s.web.servlet.DispatcherServlet        : Completed initialization in 13 ms
2026-07-29T18:42:06.783+05:30 DEBUG 49044 --- [expense-management-service] [nio-8080-exec-1] o.s.security.web.FilterChainProxy        : Securing GET /actuator/health
2026-07-29T18:42:06.822+05:30 TRACE 49044 --- [expense-management-service] [nio-8080-exec-1] .s.r.w.a.BearerTokenAuthenticationFilter : Did not process request since did not find bearer token
2026-07-29T18:42:06.832+05:30 DEBUG 49044 --- [expense-management-service] [nio-8080-exec-1] o.s.s.w.a.AnonymousAuthenticationFilter  : Set SecurityContextHolder to anonymous SecurityContext
2026-07-29T18:42:06.847+05:30 DEBUG 49044 --- [expense-management-service] [nio-8080-exec-1] o.s.security.web.FilterChainProxy        : Secured GET /actuator/health
2026-07-29T18:42:06.855+05:30 DEBUG 49044 --- [expense-management-service] [nio-8080-exec-1] o.s.web.servlet.DispatcherServlet        : GET "/actuator/health", parameters={}
2026-07-29T18:42:06.912+05:30 DEBUG 49044 --- [expense-management-service] [nio-8080-exec-1] m.m.a.RequestResponseBodyMethodProcessor : Read "application/octet-stream" to []
2026-07-29T18:42:06.956+05:30  INFO 49044 --- [expense-management-service] [nio-8080-exec-1] o.s.a.r.c.CachingConnectionFactory       : Attempting to connect to: [localhost:5672]
2026-07-29T18:42:06.987+05:30  WARN 49044 --- [expense-management-service] [nio-8080-exec-1] o.s.b.amqp.health.RabbitHealthIndicator  : Rabbit health check failed

org.springframework.amqp.AmqpConnectException: java.net.ConnectException: Connection refused: getsockopt
	at org.springframework.amqp.rabbit.support.RabbitExceptionTranslator.convertRabbitAccessException(RabbitExceptionTranslator.java:60) ~[spring-rabbit-4.1.0.jar:4.1.0]
	at org.springframework.amqp.rabbit.connection.AbstractConnectionFactory.createBareConnection(AbstractConnectionFactory.java:629) ~[spring-rabbit-4.1.0.jar:4.1.0]
	at org.springframework.amqp.rabbit.connection.CachingConnectionFactory.createConnection(CachingConnectionFactory.java:746) ~[spring-rabbit-4.1.0.jar:4.1.0]
	at org.springframework.amqp.rabbit.connection.ConnectionFactoryUtils.createConnection(ConnectionFactoryUtils.java:256) ~[spring-rabbit-4.1.0.jar:4.1.0]
	at org.springframework.amqp.rabbit.core.RabbitTemplate.doExecute(RabbitTemplate.java:2239) ~[spring-rabbit-4.1.0.jar:4.1.0]
	at org.springframework.amqp.rabbit.core.RabbitTemplate.execute(RabbitTemplate.java:2211) ~[spring-rabbit-4.1.0.jar:4.1.0]
	at org.springframework.amqp.rabbit.core.RabbitTemplate.execute(RabbitTemplate.java:2191) ~[spring-rabbit-4.1.0.jar:4.1.0]
	at org.springframework.boot.amqp.health.RabbitHealthIndicator.getVersion(RabbitHealthIndicator.java:54) ~[spring-boot-amqp-4.1.0.jar:4.1.0]
	at org.springframework.boot.amqp.health.RabbitHealthIndicator.doHealthCheck(RabbitHealthIndicator.java:47) ~[spring-boot-amqp-4.1.0.jar:4.1.0]
	at org.springframework.boot.health.contributor.AbstractHealthIndicator.health(AbstractHealthIndicator.java:80) ~[spring-boot-health-4.1.0.jar:4.1.0]
	at org.springframework.boot.health.contributor.HealthIndicator.health(HealthIndicator.java:37) ~[spring-boot-health-4.1.0.jar:4.1.0]
	at org.springframework.boot.health.actuate.endpoint.Contributor$Blocking.getDescriptor(Contributor.java:148) ~[spring-boot-health-4.1.0.jar:4.1.0]
	at org.springframework.boot.health.actuate.endpoint.Contributor$Blocking.getDescriptor(Contributor.java:126) ~[spring-boot-health-4.1.0.jar:4.1.0]
	at org.springframework.boot.health.actuate.endpoint.HealthEndpointSupport.getDescriptorAndLogIfSlow(HealthEndpointSupport.java:172) ~[spring-boot-health-4.1.0.jar:4.1.0]
	at org.springframework.boot.health.actuate.endpoint.HealthEndpointSupport.getDescriptor(HealthEndpointSupport.java:145) ~[spring-boot-health-4.1.0.jar:4.1.0]
	at org.springframework.boot.health.actuate.endpoint.HealthEndpointSupport.getAggregateDescriptor(HealthEndpointSupport.java:157) ~[spring-boot-health-4.1.0.jar:4.1.0]
	at org.springframework.boot.health.actuate.endpoint.HealthEndpointSupport.getDescriptor(HealthEndpointSupport.java:141) ~[spring-boot-health-4.1.0.jar:4.1.0]
	at org.springframework.boot.health.actuate.endpoint.HealthEndpointSupport.getResult(HealthEndpointSupport.java:110) ~[spring-boot-health-4.1.0.jar:4.1.0]
	at org.springframework.boot.health.actuate.endpoint.HealthEndpointSupport.getResult(HealthEndpointSupport.java:82) ~[spring-boot-health-4.1.0.jar:4.1.0]
	at org.springframework.boot.health.actuate.endpoint.HealthEndpointWebExtension.health(HealthEndpointWebExtension.java:85) ~[spring-boot-health-4.1.0.jar:4.1.0]
	at org.springframework.boot.health.actuate.endpoint.HealthEndpointWebExtension.health(HealthEndpointWebExtension.java:73) ~[spring-boot-health-4.1.0.jar:4.1.0]
	at java.base/jdk.internal.reflect.DirectMethodHandleAccessor.invoke(DirectMethodHandleAccessor.java:104) ~[na:na]
	at java.base/java.lang.reflect.Method.invoke(Method.java:565) ~[na:na]
	at org.springframework.util.ReflectionUtils.invokeMethod(ReflectionUtils.java:281) ~[spring-core-7.0.8.jar:7.0.8]
	at org.springframework.boot.actuate.endpoint.invoke.reflect.ReflectiveOperationInvoker.invoke(ReflectiveOperationInvoker.java:76) ~[spring-boot-actuator-4.1.0.jar:4.1.0]
	at org.springframework.boot.actuate.endpoint.annotation.AbstractDiscoveredOperation.invoke(AbstractDiscoveredOperation.java:62) ~[spring-boot-actuator-4.1.0.jar:4.1.0]
	at org.springframework.boot.webmvc.actuate.endpoint.web.AbstractWebMvcEndpointHandlerMapping$ServletWebOperationAdapter.handle(AbstractWebMvcEndpointHandlerMapping.java:347) ~[spring-boot-webmvc-4.1.0.jar:4.1.0]
	at org.springframework.boot.webmvc.actuate.endpoint.web.AbstractWebMvcEndpointHandlerMapping$OperationHandler.handle(AbstractWebMvcEndpointHandlerMapping.java:476) ~[spring-boot-webmvc-4.1.0.jar:4.1.0]
	at java.base/jdk.internal.reflect.DirectMethodHandleAccessor.invoke(DirectMethodHandleAccessor.java:104) ~[na:na]
	at java.base/java.lang.reflect.Method.invoke(Method.java:565) ~[na:na]
	at org.springframework.web.method.support.InvocableHandlerMethod.doInvoke(InvocableHandlerMethod.java:252) ~[spring-web-7.0.8.jar:7.0.8]
	at org.springframework.web.method.support.InvocableHandlerMethod.invokeForRequest(InvocableHandlerMethod.java:184) ~[spring-web-7.0.8.jar:7.0.8]
	at org.springframework.web.servlet.mvc.method.annotation.ServletInvocableHandlerMethod.invokeAndHandle(ServletInvocableHandlerMethod.java:117) ~[spring-webmvc-7.0.8.jar:7.0.8]
	at org.springframework.web.servlet.mvc.method.annotation.RequestMappingHandlerAdapter.invokeHandlerMethod(RequestMappingHandlerAdapter.java:934) ~[spring-webmvc-7.0.8.jar:7.0.8]
	at org.springframework.web.servlet.mvc.method.annotation.RequestMappingHandlerAdapter.handleInternal(RequestMappingHandlerAdapter.java:853) ~[spring-webmvc-7.0.8.jar:7.0.8]
	at org.springframework.web.servlet.mvc.method.AbstractHandlerMethodAdapter.handle(AbstractHandlerMethodAdapter.java:86) ~[spring-webmvc-7.0.8.jar:7.0.8]
	at org.springframework.web.servlet.DispatcherServlet.doDispatch(DispatcherServlet.java:963) ~[spring-webmvc-7.0.8.jar:7.0.8]
	at org.springframework.web.servlet.DispatcherServlet.doService(DispatcherServlet.java:866) ~[spring-webmvc-7.0.8.jar:7.0.8]
	at org.springframework.web.servlet.FrameworkServlet.processRequest(FrameworkServlet.java:1000) ~[spring-webmvc-7.0.8.jar:7.0.8]
	at org.springframework.web.servlet.FrameworkServlet.doGet(FrameworkServlet.java:892) ~[spring-webmvc-7.0.8.jar:7.0.8]
	at jakarta.servlet.http.HttpServlet.service(HttpServlet.java:622) ~[tomcat-embed-core-11.0.22.jar:6.1]
	at org.springframework.web.servlet.FrameworkServlet.service(FrameworkServlet.java:874) ~[spring-webmvc-7.0.8.jar:7.0.8]
	at jakarta.servlet.http.HttpServlet.service(HttpServlet.java:710) ~[tomcat-embed-core-11.0.22.jar:6.1]
	at org.apache.catalina.core.ApplicationFilterChain.doFilter(ApplicationFilterChain.java:128) ~[tomcat-embed-core-11.0.22.jar:11.0.22]
	at org.apache.tomcat.websocket.server.WsFilter.doFilter(WsFilter.java:53) ~[tomcat-embed-websocket-11.0.22.jar:11.0.22]
	at org.apache.catalina.core.ApplicationFilterChain.doFilter(ApplicationFilterChain.java:107) ~[tomcat-embed-core-11.0.22.jar:11.0.22]
	at org.springframework.web.filter.CompositeFilter$VirtualFilterChain.doFilter(CompositeFilter.java:108) ~[spring-web-7.0.8.jar:7.0.8]
	at org.springframework.security.web.FilterChainProxy.lambda$doFilterInternal$2(FilterChainProxy.java:235) ~[spring-security-web-7.1.0.jar:7.1.0]
	at org.springframework.security.web.ObservationFilterChainDecorator$FilterObservation$SimpleFilterObservation.lambda$wrap$1(ObservationFilterChainDecorator.java:491) ~[spring-security-web-7.1.0.jar:7.1.0]
	at org.springframework.security.web.ObservationFilterChainDecorator$AroundFilterObservation$SimpleAroundFilterObservation.lambda$wrap$1(ObservationFilterChainDecorator.java:353) ~[spring-security-web-7.1.0.jar:7.1.0]
	at org.springframework.security.web.ObservationFilterChainDecorator.lambda$wrapSecured$0(ObservationFilterChainDecorator.java:84) ~[spring-security-web-7.1.0.jar:7.1.0]
	at org.springframework.security.web.ObservationFilterChainDecorator$VirtualFilterChain.doFilter(ObservationFilterChainDecorator.java:131) ~[spring-security-web-7.1.0.jar:7.1.0]
	at org.springframework.security.web.access.intercept.AuthorizationFilter.doFilter(AuthorizationFilter.java:101) ~[spring-security-web-7.1.0.jar:7.1.0]
	at org.springframework.security.web.ObservationFilterChainDecorator$ObservationFilter.wrapFilter(ObservationFilterChainDecorator.java:243) ~[spring-security-web-7.1.0.jar:7.1.0]
	at org.springframework.security.web.ObservationFilterChainDecorator$ObservationFilter.doFilter(ObservationFilterChainDecorator.java:230) ~[spring-security-web-7.1.0.jar:7.1.0]
	at org.springframework.security.web.ObservationFilterChainDecorator$VirtualFilterChain.doFilter(ObservationFilterChainDecorator.java:140) ~[spring-security-web-7.1.0.jar:7.1.0]
	at org.springframework.security.web.access.ExceptionTranslationFilter.doFilter(ExceptionTranslationFilter.java:126) ~[spring-security-web-7.1.0.jar:7.1.0]
	at org.springframework.security.web.access.ExceptionTranslationFilter.doFilter(ExceptionTranslationFilter.java:120) ~[spring-security-web-7.1.0.jar:7.1.0]
	at org.springframework.security.web.ObservationFilterChainDecorator$ObservationFilter.wrapFilter(ObservationFilterChainDecorator.java:243) ~[spring-security-web-7.1.0.jar:7.1.0]
	at org.springframework.security.web.ObservationFilterChainDecorator$ObservationFilter.doFilter(ObservationFilterChainDecorator.java:230) ~[spring-security-web-7.1.0.jar:7.1.0]
	at org.springframework.security.web.ObservationFilterChainDecorator$VirtualFilterChain.doFilter(ObservationFilterChainDecorator.java:140) ~[spring-security-web-7.1.0.jar:7.1.0]
	at org.springframework.security.web.session.SessionManagementFilter.doFilter(SessionManagementFilter.java:132) ~[spring-security-web-7.1.0.jar:7.1.0]
	at org.springframework.security.web.session.SessionManagementFilter.doFilter(SessionManagementFilter.java:86) ~[spring-security-web-7.1.0.jar:7.1.0]
	at org.springframework.security.web.ObservationFilterChainDecorator$ObservationFilter.wrapFilter(ObservationFilterChainDecorator.java:243) ~[spring-security-web-7.1.0.jar:7.1.0]
	at org.springframework.security.web.ObservationFilterChainDecorator$ObservationFilter.doFilter(ObservationFilterChainDecorator.java:230) ~[spring-security-web-7.1.0.jar:7.1.0]
	at org.springframework.security.web.ObservationFilterChainDecorator$VirtualFilterChain.doFilter(ObservationFilterChainDecorator.java:140) ~[spring-security-web-7.1.0.jar:7.1.0]
	at org.springframework.security.web.authentication.AnonymousAuthenticationFilter.doFilter(AnonymousAuthenticationFilter.java:100) ~[spring-security-web-7.1.0.jar:7.1.0]
	at org.springframework.security.web.ObservationFilterChainDecorator$ObservationFilter.wrapFilter(ObservationFilterChainDecorator.java:243) ~[spring-security-web-7.1.0.jar:7.1.0]
	at org.springframework.security.web.ObservationFilterChainDecorator$ObservationFilter.doFilter(ObservationFilterChainDecorator.java:230) ~[spring-security-web-7.1.0.jar:7.1.0]
	at org.springframework.security.web.ObservationFilterChainDecorator$VirtualFilterChain.doFilter(ObservationFilterChainDecorator.java:140) ~[spring-security-web-7.1.0.jar:7.1.0]
	at org.springframework.security.web.servletapi.SecurityContextHolderAwareRequestFilter.doFilter(SecurityContextHolderAwareRequestFilter.java:181) ~[spring-security-web-7.1.0.jar:7.1.0]
	at org.springframework.security.web.ObservationFilterChainDecorator$ObservationFilter.wrapFilter(ObservationFilterChainDecorator.java:243) ~[spring-security-web-7.1.0.jar:7.1.0]
	at org.springframework.security.web.ObservationFilterChainDecorator$ObservationFilter.doFilter(ObservationFilterChainDecorator.java:230) ~[spring-security-web-7.1.0.jar:7.1.0]
	at org.springframework.security.web.ObservationFilterChainDecorator$VirtualFilterChain.doFilter(ObservationFilterChainDecorator.java:140) ~[spring-security-web-7.1.0.jar:7.1.0]
	at org.springframework.security.web.savedrequest.RequestCacheAwareFilter.doFilter(RequestCacheAwareFilter.java:63) ~[spring-security-web-7.1.0.jar:7.1.0]
	at org.springframework.security.web.ObservationFilterChainDecorator$ObservationFilter.wrapFilter(ObservationFilterChainDecorator.java:243) ~[spring-security-web-7.1.0.jar:7.1.0]
	at org.springframework.security.web.ObservationFilterChainDecorator$ObservationFilter.doFilter(ObservationFilterChainDecorator.java:230) ~[spring-security-web-7.1.0.jar:7.1.0]
	at org.springframework.security.web.ObservationFilterChainDecorator$VirtualFilterChain.doFilter(ObservationFilterChainDecorator.java:140) ~[spring-security-web-7.1.0.jar:7.1.0]
	at org.springframework.security.oauth2.server.resource.web.authentication.BearerTokenAuthenticationFilter.doFilterInternal(BearerTokenAuthenticationFilter.java:174) ~[spring-security-oauth2-resource-server-7.1.0.jar:7.1.0]
	at org.springframework.web.filter.OncePerRequestFilter.doFilter(OncePerRequestFilter.java:116) ~[spring-web-7.0.8.jar:7.0.8]
	at org.springframework.security.web.ObservationFilterChainDecorator$ObservationFilter.wrapFilter(ObservationFilterChainDecorator.java:243) ~[spring-security-web-7.1.0.jar:7.1.0]
	at org.springframework.security.web.ObservationFilterChainDecorator$ObservationFilter.doFilter(ObservationFilterChainDecorator.java:230) ~[spring-security-web-7.1.0.jar:7.1.0]
	at org.springframework.security.web.ObservationFilterChainDecorator$VirtualFilterChain.doFilter(ObservationFilterChainDecorator.java:140) ~[spring-security-web-7.1.0.jar:7.1.0]
	at org.springframework.security.oauth2.server.resource.web.OAuth2ProtectedResourceMetadataFilter.doFilterInternal(OAuth2ProtectedResourceMetadataFilter.java:98) ~[spring-security-oauth2-resource-server-7.1.0.jar:7.1.0]
	at org.springframework.web.filter.OncePerRequestFilter.doFilter(OncePerRequestFilter.java:116) ~[spring-web-7.0.8.jar:7.0.8]
	at org.springframework.security.web.ObservationFilterChainDecorator$ObservationFilter.wrapFilter(ObservationFilterChainDecorator.java:243) ~[spring-security-web-7.1.0.jar:7.1.0]
	at org.springframework.security.web.ObservationFilterChainDecorator$ObservationFilter.doFilter(ObservationFilterChainDecorator.java:230) ~[spring-security-web-7.1.0.jar:7.1.0]
	at org.springframework.security.web.ObservationFilterChainDecorator$VirtualFilterChain.doFilter(ObservationFilterChainDecorator.java:140) ~[spring-security-web-7.1.0.jar:7.1.0]
	at org.springframework.security.web.authentication.logout.LogoutFilter.doFilter(LogoutFilter.java:110) ~[spring-security-web-7.1.0.jar:7.1.0]
	at org.springframework.security.web.authentication.logout.LogoutFilter.doFilter(LogoutFilter.java:96) ~[spring-security-web-7.1.0.jar:7.1.0]
	at org.springframework.security.web.ObservationFilterChainDecorator$ObservationFilter.wrapFilter(ObservationFilterChainDecorator.java:243) ~[spring-security-web-7.1.0.jar:7.1.0]
	at org.springframework.security.web.ObservationFilterChainDecorator$ObservationFilter.doFilter(ObservationFilterChainDecorator.java:230) ~[spring-security-web-7.1.0.jar:7.1.0]
	at org.springframework.security.web.ObservationFilterChainDecorator$VirtualFilterChain.doFilter(ObservationFilterChainDecorator.java:140) ~[spring-security-web-7.1.0.jar:7.1.0]
	at org.springframework.web.filter.CorsFilter.doFilterInternal(CorsFilter.java:91) ~[spring-web-7.0.8.jar:7.0.8]
	at org.springframework.web.filter.OncePerRequestFilter.doFilter(OncePerRequestFilter.java:116) ~[spring-web-7.0.8.jar:7.0.8]
	at org.springframework.security.web.ObservationFilterChainDecorator$ObservationFilter.wrapFilter(ObservationFilterChainDecorator.java:243) ~[spring-security-web-7.1.0.jar:7.1.0]
	at org.springframework.security.web.ObservationFilterChainDecorator$ObservationFilter.doFilter(ObservationFilterChainDecorator.java:230) ~[spring-security-web-7.1.0.jar:7.1.0]
	at org.springframework.security.web.ObservationFilterChainDecorator$VirtualFilterChain.doFilter(ObservationFilterChainDecorator.java:140) ~[spring-security-web-7.1.0.jar:7.1.0]
	at org.springframework.security.web.header.HeaderWriterFilter.doHeadersAfter(HeaderWriterFilter.java:90) ~[spring-security-web-7.1.0.jar:7.1.0]
	at org.springframework.security.web.header.HeaderWriterFilter.doFilterInternal(HeaderWriterFilter.java:75) ~[spring-security-web-7.1.0.jar:7.1.0]
	at org.springframework.web.filter.OncePerRequestFilter.doFilter(OncePerRequestFilter.java:116) ~[spring-web-7.0.8.jar:7.0.8]
	at org.springframework.security.web.ObservationFilterChainDecorator$ObservationFilter.wrapFilter(ObservationFilterChainDecorator.java:243) ~[spring-security-web-7.1.0.jar:7.1.0]
	at org.springframework.security.web.ObservationFilterChainDecorator$ObservationFilter.doFilter(ObservationFilterChainDecorator.java:230) ~[spring-security-web-7.1.0.jar:7.1.0]
	at org.springframework.security.web.ObservationFilterChainDecorator$VirtualFilterChain.doFilter(ObservationFilterChainDecorator.java:140) ~[spring-security-web-7.1.0.jar:7.1.0]
	at org.springframework.security.web.context.SecurityContextHolderFilter.doFilter(SecurityContextHolderFilter.java:82) ~[spring-security-web-7.1.0.jar:7.1.0]
	at org.springframework.security.web.context.SecurityContextHolderFilter.doFilter(SecurityContextHolderFilter.java:69) ~[spring-security-web-7.1.0.jar:7.1.0]
	at org.springframework.security.web.ObservationFilterChainDecorator$ObservationFilter.wrapFilter(ObservationFilterChainDecorator.java:243) ~[spring-security-web-7.1.0.jar:7.1.0]
	at org.springframework.security.web.ObservationFilterChainDecorator$ObservationFilter.doFilter(ObservationFilterChainDecorator.java:230) ~[spring-security-web-7.1.0.jar:7.1.0]
	at org.springframework.security.web.ObservationFilterChainDecorator$VirtualFilterChain.doFilter(ObservationFilterChainDecorator.java:140) ~[spring-security-web-7.1.0.jar:7.1.0]
	at org.springframework.security.web.context.request.async.WebAsyncManagerIntegrationFilter.doFilterInternal(WebAsyncManagerIntegrationFilter.java:62) ~[spring-security-web-7.1.0.jar:7.1.0]
	at org.springframework.web.filter.OncePerRequestFilter.doFilter(OncePerRequestFilter.java:116) ~[spring-web-7.0.8.jar:7.0.8]
	at org.springframework.security.web.ObservationFilterChainDecorator$ObservationFilter.wrapFilter(ObservationFilterChainDecorator.java:243) ~[spring-security-web-7.1.0.jar:7.1.0]
	at org.springframework.security.web.ObservationFilterChainDecorator$ObservationFilter.doFilter(ObservationFilterChainDecorator.java:230) ~[spring-security-web-7.1.0.jar:7.1.0]
	at org.springframework.security.web.ObservationFilterChainDecorator$VirtualFilterChain.doFilter(ObservationFilterChainDecorator.java:140) ~[spring-security-web-7.1.0.jar:7.1.0]
	at org.springframework.security.web.session.DisableEncodeUrlFilter.doFilterInternal(DisableEncodeUrlFilter.java:42) ~[spring-security-web-7.1.0.jar:7.1.0]
	at org.springframework.web.filter.OncePerRequestFilter.doFilter(OncePerRequestFilter.java:116) ~[spring-web-7.0.8.jar:7.0.8]
	at org.springframework.security.web.ObservationFilterChainDecorator$ObservationFilter.wrapFilter(ObservationFilterChainDecorator.java:243) ~[spring-security-web-7.1.0.jar:7.1.0]
	at org.springframework.security.web.ObservationFilterChainDecorator$AroundFilterObservation$SimpleAroundFilterObservation.lambda$wrap$0(ObservationFilterChainDecorator.java:336) ~[spring-security-web-7.1.0.jar:7.1.0]
	at org.springframework.security.web.ObservationFilterChainDecorator$ObservationFilter.doFilter(ObservationFilterChainDecorator.java:227) ~[spring-security-web-7.1.0.jar:7.1.0]
	at org.springframework.security.web.ObservationFilterChainDecorator$VirtualFilterChain.doFilter(ObservationFilterChainDecorator.java:140) ~[spring-security-web-7.1.0.jar:7.1.0]
	at org.springframework.security.web.FilterChainProxy.doFilterInternal(FilterChainProxy.java:237) ~[spring-security-web-7.1.0.jar:7.1.0]
	at org.springframework.security.web.FilterChainProxy.doFilter(FilterChainProxy.java:195) ~[spring-security-web-7.1.0.jar:7.1.0]
	at org.springframework.web.filter.CompositeFilter$VirtualFilterChain.doFilter(CompositeFilter.java:113) ~[spring-web-7.0.8.jar:7.0.8]
	at org.springframework.web.filter.ServletRequestPathFilter.doFilter(ServletRequestPathFilter.java:52) ~[spring-web-7.0.8.jar:7.0.8]
	at org.springframework.web.filter.CompositeFilter$VirtualFilterChain.doFilter(CompositeFilter.java:113) ~[spring-web-7.0.8.jar:7.0.8]
	at org.springframework.web.filter.CompositeFilter.doFilter(CompositeFilter.java:74) ~[spring-web-7.0.8.jar:7.0.8]
	at org.springframework.security.config.annotation.web.configuration.WebSecurityConfiguration$CompositeFilterChainProxy.doFilter(WebSecurityConfiguration.java:317) ~[spring-security-config-7.1.0.jar:7.1.0]
	at org.springframework.web.filter.DelegatingFilterProxy.invokeDelegate(DelegatingFilterProxy.java:355) ~[spring-web-7.0.8.jar:7.0.8]
	at org.springframework.web.filter.DelegatingFilterProxy.doFilter(DelegatingFilterProxy.java:272) ~[spring-web-7.0.8.jar:7.0.8]
	at org.apache.catalina.core.ApplicationFilterChain.doFilter(ApplicationFilterChain.java:107) ~[tomcat-embed-core-11.0.22.jar:11.0.22]
	at org.springframework.web.filter.RequestContextFilter.doFilterInternal(RequestContextFilter.java:100) ~[spring-web-7.0.8.jar:7.0.8]
	at org.springframework.web.filter.OncePerRequestFilter.doFilter(OncePerRequestFilter.java:116) ~[spring-web-7.0.8.jar:7.0.8]
	at org.apache.catalina.core.ApplicationFilterChain.doFilter(ApplicationFilterChain.java:107) ~[tomcat-embed-core-11.0.22.jar:11.0.22]
	at org.springframework.web.filter.FormContentFilter.doFilterInternal(FormContentFilter.java:93) ~[spring-web-7.0.8.jar:7.0.8]
	at org.springframework.web.filter.OncePerRequestFilter.doFilter(OncePerRequestFilter.java:116) ~[spring-web-7.0.8.jar:7.0.8]
	at org.apache.catalina.core.ApplicationFilterChain.doFilter(ApplicationFilterChain.java:107) ~[tomcat-embed-core-11.0.22.jar:11.0.22]
	at org.springframework.web.filter.ServerHttpObservationFilter.doFilterInternal(ServerHttpObservationFilter.java:110) ~[spring-web-7.0.8.jar:7.0.8]
	at org.springframework.web.filter.OncePerRequestFilter.doFilter(OncePerRequestFilter.java:116) ~[spring-web-7.0.8.jar:7.0.8]
	at org.apache.catalina.core.ApplicationFilterChain.doFilter(ApplicationFilterChain.java:107) ~[tomcat-embed-core-11.0.22.jar:11.0.22]
	at org.springframework.web.filter.CharacterEncodingFilter.doFilterInternal(CharacterEncodingFilter.java:199) ~[spring-web-7.0.8.jar:7.0.8]
	at org.springframework.web.filter.OncePerRequestFilter.doFilter(OncePerRequestFilter.java:116) ~[spring-web-7.0.8.jar:7.0.8]
	at org.apache.catalina.core.ApplicationFilterChain.doFilter(ApplicationFilterChain.java:107) ~[tomcat-embed-core-11.0.22.jar:11.0.22]
	at org.apache.catalina.core.StandardWrapperValve.invoke(StandardWrapperValve.java:165) ~[tomcat-embed-core-11.0.22.jar:11.0.22]
	at org.apache.catalina.core.StandardContextValve.invoke(StandardContextValve.java:77) ~[tomcat-embed-core-11.0.22.jar:11.0.22]
	at org.apache.catalina.authenticator.AuthenticatorBase.invoke(AuthenticatorBase.java:492) ~[tomcat-embed-core-11.0.22.jar:11.0.22]
	at org.apache.catalina.core.StandardHostValve.invoke(StandardHostValve.java:113) ~[tomcat-embed-core-11.0.22.jar:11.0.22]
	at org.apache.catalina.valves.ErrorReportValve.invoke(ErrorReportValve.java:83) ~[tomcat-embed-core-11.0.22.jar:11.0.22]
	at org.apache.catalina.core.StandardEngineValve.invoke(StandardEngineValve.java:72) ~[tomcat-embed-core-11.0.22.jar:11.0.22]
	at org.apache.catalina.connector.CoyoteAdapter.service(CoyoteAdapter.java:341) ~[tomcat-embed-core-11.0.22.jar:11.0.22]
	at org.apache.coyote.http11.Http11Processor.service(Http11Processor.java:397) ~[tomcat-embed-core-11.0.22.jar:11.0.22]
	at org.apache.coyote.AbstractProcessorLight.process(AbstractProcessorLight.java:63) ~[tomcat-embed-core-11.0.22.jar:11.0.22]
	at org.apache.coyote.AbstractProtocol$ConnectionHandler.process(AbstractProtocol.java:1272) ~[tomcat-embed-core-11.0.22.jar:11.0.22]
	at org.apache.tomcat.util.net.NioEndpoint$SocketProcessor.doRun(NioEndpoint.java:1801) ~[tomcat-embed-core-11.0.22.jar:11.0.22]
	at org.apache.tomcat.util.net.SocketProcessorBase.run(SocketProcessorBase.java:52) ~[tomcat-embed-core-11.0.22.jar:11.0.22]
	at org.apache.tomcat.util.threads.ThreadPoolExecutor.runWorker(ThreadPoolExecutor.java:946) ~[tomcat-embed-core-11.0.22.jar:11.0.22]
	at org.apache.tomcat.util.threads.ThreadPoolExecutor$Worker.run(ThreadPoolExecutor.java:480) ~[tomcat-embed-core-11.0.22.jar:11.0.22]
	at org.apache.tomcat.util.threads.TaskThread$WrappingRunnable.run(TaskThread.java:57) ~[tomcat-embed-core-11.0.22.jar:11.0.22]
	at java.base/java.lang.Thread.run(Thread.java:1447) ~[na:na]
Caused by: java.net.ConnectException: Connection refused: getsockopt
	at java.base/sun.nio.ch.Net.pollConnect(Native Method) ~[na:na]
	at java.base/sun.nio.ch.Net.pollConnectNow(Net.java:628) ~[na:na]
	at java.base/sun.nio.ch.NioSocketImpl.timedFinishConnect(NioSocketImpl.java:533) ~[na:na]
	at java.base/sun.nio.ch.NioSocketImpl.connect(NioSocketImpl.java:583) ~[na:na]
	at java.base/java.net.SocksSocketImpl.connect(SocksSocketImpl.java:282) ~[na:na]
	at java.base/java.net.Socket.connect(Socket.java:665) ~[na:na]
	at com.rabbitmq.client.impl.SocketFrameHandlerFactory.create(SocketFrameHandlerFactory.java:61) ~[amqp-client-5.30.0.jar:5.30.0]
	at com.rabbitmq.client.ConnectionFactory.newConnection(ConnectionFactory.java:1355) ~[amqp-client-5.30.0.jar:5.30.0]
	at com.rabbitmq.client.ConnectionFactory.newConnection(ConnectionFactory.java:1297) ~[amqp-client-5.30.0.jar:5.30.0]
	at org.springframework.amqp.rabbit.connection.AbstractConnectionFactory.connectAddresses(AbstractConnectionFactory.java:676) ~[spring-rabbit-4.1.0.jar:4.1.0]
	at org.springframework.amqp.rabbit.connection.AbstractConnectionFactory.connect(AbstractConnectionFactory.java:644) ~[spring-rabbit-4.1.0.jar:4.1.0]
	at org.springframework.amqp.rabbit.connection.AbstractConnectionFactory.createBareConnection(AbstractConnectionFactory.java:590) ~[spring-rabbit-4.1.0.jar:4.1.0]
	... 156 common frames omitted

2026-07-29T18:42:09.384+05:30  WARN 49044 --- [expense-management-service] [oundedElastic-1] b.d.r.h.DataRedisReactiveHealthIndicator : Redis health check failed

org.springframework.data.redis.RedisConnectionFailureException: Unable to connect to Redis
	at org.springframework.data.redis.connection.lettuce.LettuceConnectionFactory$ExceptionTranslatingConnectionProvider.translateException(LettuceConnectionFactory.java:1873) ~[spring-data-redis-4.1.0.jar:4.1.0]
	at org.springframework.data.redis.connection.lettuce.LettuceConnectionFactory$ExceptionTranslatingConnectionProvider.getConnection(LettuceConnectionFactory.java:1804) ~[spring-data-redis-4.1.0.jar:4.1.0]
	at org.springframework.data.redis.connection.lettuce.LettuceConnectionFactory$SharedConnection.getNativeConnection(LettuceConnectionFactory.java:1601) ~[spring-data-redis-4.1.0.jar:4.1.0]
	at org.springframework.data.redis.connection.lettuce.LettuceConnectionFactory$SharedConnection.lambda$getConnection$0(LettuceConnectionFactory.java:1581) ~[spring-data-redis-4.1.0.jar:4.1.0]
	at org.springframework.data.redis.connection.lettuce.LettuceConnectionFactory.doInLock(LettuceConnectionFactory.java:1542) ~[spring-data-redis-4.1.0.jar:4.1.0]
	at org.springframework.data.redis.connection.lettuce.LettuceConnectionFactory$SharedConnection.getConnection(LettuceConnectionFactory.java:1578) ~[spring-data-redis-4.1.0.jar:4.1.0]
	at org.springframework.data.redis.connection.lettuce.LettuceConnectionFactory.getSharedReactiveConnection(LettuceConnectionFactory.java:1283) ~[spring-data-redis-4.1.0.jar:4.1.0]
	at org.springframework.data.redis.connection.lettuce.LettuceConnectionFactory.getReactiveConnection(LettuceConnectionFactory.java:1153) ~[spring-data-redis-4.1.0.jar:4.1.0]
	at org.springframework.data.redis.connection.lettuce.LettuceConnectionFactory.getReactiveConnection(LettuceConnectionFactory.java:122) ~[spring-data-redis-4.1.0.jar:4.1.0]
	at reactor.core.publisher.MonoSupplier.call(MonoSupplier.java:63) ~[reactor-core-3.8.6.jar:3.8.6]
	at reactor.core.publisher.FluxSubscribeOnCallable$CallableSubscribeOnSubscription.run(FluxSubscribeOnCallable.java:228) ~[reactor-core-3.8.6.jar:3.8.6]
	at reactor.core.scheduler.SchedulerTask.call(SchedulerTask.java:72) ~[reactor-core-3.8.6.jar:3.8.6]
	at reactor.core.scheduler.SchedulerTask.call(SchedulerTask.java:28) ~[reactor-core-3.8.6.jar:3.8.6]
	at java.base/java.util.concurrent.FutureTask.run(FutureTask.java:328) ~[na:na]
	at java.base/java.util.concurrent.ScheduledThreadPoolExecutor$ScheduledFutureTask.run(ScheduledThreadPoolExecutor.java:309) ~[na:na]
	at java.base/java.util.concurrent.ThreadPoolExecutor.runWorker(ThreadPoolExecutor.java:1095) ~[na:na]
	at java.base/java.util.concurrent.ThreadPoolExecutor$Worker.run(ThreadPoolExecutor.java:619) ~[na:na]
	at java.base/java.lang.Thread.run(Thread.java:1447) ~[na:na]
Caused by: io.lettuce.core.RedisConnectionException: Unable to connect to localhost/<unresolved>:6379
	at io.lettuce.core.RedisConnectionException.create(RedisConnectionException.java:63) ~[lettuce-core-7.5.2.RELEASE.jar:7.5.2.RELEASE/5728917]
	at io.lettuce.core.RedisConnectionException.create(RedisConnectionException.java:41) ~[lettuce-core-7.5.2.RELEASE.jar:7.5.2.RELEASE/5728917]
	at io.lettuce.core.AbstractRedisClient.getConnection(AbstractRedisClient.java:315) ~[lettuce-core-7.5.2.RELEASE.jar:7.5.2.RELEASE/5728917]
	at io.lettuce.core.RedisClient.connect(RedisClient.java:220) ~[lettuce-core-7.5.2.RELEASE.jar:7.5.2.RELEASE/5728917]
	at org.springframework.data.redis.connection.lettuce.StandaloneConnectionProvider.lambda$getConnection$1(StandaloneConnectionProvider.java:113) ~[spring-data-redis-4.1.0.jar:4.1.0]
	at java.base/java.util.Optional.orElseGet(Optional.java:364) ~[na:na]
	at org.springframework.data.redis.connection.lettuce.StandaloneConnectionProvider.getConnection(StandaloneConnectionProvider.java:113) ~[spring-data-redis-4.1.0.jar:4.1.0]
	at org.springframework.data.redis.connection.lettuce.LettuceConnectionFactory$ExceptionTranslatingConnectionProvider.getConnection(LettuceConnectionFactory.java:1802) ~[spring-data-redis-4.1.0.jar:4.1.0]
	... 16 common frames omitted
Caused by: io.netty.channel.AbstractChannel$AnnotatedConnectException: Connection refused: getsockopt: localhost/127.0.0.1:6379
Caused by: java.net.ConnectException: Connection refused: getsockopt
	at java.base/sun.nio.ch.Net.pollConnect(Native Method) ~[na:na]
	at java.base/sun.nio.ch.Net.pollConnectNow(Net.java:628) ~[na:na]
	at java.base/sun.nio.ch.SocketChannelImpl.finishConnect(SocketChannelImpl.java:1046) ~[na:na]
	at io.netty.channel.socket.nio.NioSocketChannel.doFinishConnect(NioSocketChannel.java:330) ~[netty-transport-4.2.15.Final.jar:4.2.15.Final]
	at io.netty.channel.nio.AbstractNioChannel$AbstractNioUnsafe.finishConnect(AbstractNioChannel.java:384) ~[netty-transport-4.2.15.Final.jar:4.2.15.Final]
	at io.netty.channel.nio.AbstractNioChannel$AbstractNioUnsafe.handle(AbstractNioChannel.java:432) ~[netty-transport-4.2.15.Final.jar:4.2.15.Final]
	at io.netty.channel.nio.NioIoHandler$DefaultNioRegistration.handle(NioIoHandler.java:388) ~[netty-transport-4.2.15.Final.jar:4.2.15.Final]
	at io.netty.channel.nio.NioIoHandler.processSelectedKey(NioIoHandler.java:596) ~[netty-transport-4.2.15.Final.jar:4.2.15.Final]
	at io.netty.channel.nio.NioIoHandler.processSelectedKeysOptimized(NioIoHandler.java:571) ~[netty-transport-4.2.15.Final.jar:4.2.15.Final]
	at io.netty.channel.nio.NioIoHandler.processSelectedKeys(NioIoHandler.java:512) ~[netty-transport-4.2.15.Final.jar:4.2.15.Final]
	at io.netty.channel.nio.NioIoHandler.run(NioIoHandler.java:484) ~[netty-transport-4.2.15.Final.jar:4.2.15.Final]
	at io.netty.channel.SingleThreadIoEventLoop.runIo(SingleThreadIoEventLoop.java:225) ~[netty-transport-4.2.15.Final.jar:4.2.15.Final]
	at io.netty.channel.SingleThreadIoEventLoop.run(SingleThreadIoEventLoop.java:196) ~[netty-transport-4.2.15.Final.jar:4.2.15.Final]
	at io.netty.util.concurrent.SingleThreadEventExecutor$5.run(SingleThreadEventExecutor.java:1195) ~[netty-common-4.2.15.Final.jar:4.2.15.Final]
	at io.netty.util.internal.ThreadExecutorMap$2.run(ThreadExecutorMap.java:74) ~[netty-common-4.2.15.Final.jar:4.2.15.Final]
	at io.netty.util.concurrent.FastThreadLocalRunnable.run(FastThreadLocalRunnable.java:30) ~[netty-common-4.2.15.Final.jar:4.2.15.Final]
	at java.base/java.lang.Thread.run(Thread.java:1447) ~[na:na]

2026-07-29T18:42:09.423+05:30 DEBUG 49044 --- [expense-management-service] [nio-8080-exec-1] o.s.w.s.m.m.a.HttpEntityMethodProcessor  : Using 'application/vnd.spring-boot.actuator.v3+json', given [*/*] and supported [application/vnd.spring-boot.actuator.v3+json, application/vnd.spring-boot.actuator.v2+json, application/json]
2026-07-29T18:42:09.429+05:30 DEBUG 49044 --- [expense-management-service] [nio-8080-exec-1] o.s.w.s.m.m.a.HttpEntityMethodProcessor  : Writing [org.springframework.boot.health.actuate.endpoint.SystemHealthDescriptor@7b32b435]
2026-07-29T18:42:09.480+05:30 DEBUG 49044 --- [expense-management-service] [nio-8080-exec-1] o.s.web.servlet.DispatcherServlet        : Completed 503 SERVICE_UNAVAILABLE
2026-07-29T18:43:07.541+05:30 DEBUG 49044 --- [expense-management-service] [nio-8080-exec-2] o.s.security.web.FilterChainProxy        : Securing GET /actuator/health
2026-07-29T18:43:07.545+05:30 TRACE 49044 --- [expense-management-service] [nio-8080-exec-2] .s.r.w.a.BearerTokenAuthenticationFilter : Did not process request since did not find bearer token
2026-07-29T18:43:07.546+05:30 DEBUG 49044 --- [expense-management-service] [nio-8080-exec-2] o.s.s.w.a.AnonymousAuthenticationFilter  : Set SecurityContextHolder to anonymous SecurityContext
2026-07-29T18:43:07.548+05:30 DEBUG 49044 --- [expense-management-service] [nio-8080-exec-2] o.s.security.web.FilterChainProxy        : Secured GET /actuator/health
2026-07-29T18:43:07.549+05:30 DEBUG 49044 --- [expense-management-service] [nio-8080-exec-2] o.s.web.servlet.DispatcherServlet        : GET "/actuator/health", parameters={}
2026-07-29T18:43:07.551+05:30 DEBUG 49044 --- [expense-management-service] [nio-8080-exec-2] m.m.a.RequestResponseBodyMethodProcessor : Read "application/octet-stream" to []
2026-07-29T18:43:07.553+05:30  INFO 49044 --- [expense-management-service] [nio-8080-exec-2] o.s.a.r.c.CachingConnectionFactory       : Attempting to connect to: [localhost:5672]
2026-07-29T18:43:07.567+05:30  WARN 49044 --- [expense-management-service] [nio-8080-exec-2] o.s.b.amqp.health.RabbitHealthIndicator  : Rabbit health check failed

org.springframework.amqp.AmqpConnectException: java.net.ConnectException: Connection refused: getsockopt
	at org.springframework.amqp.rabbit.support.RabbitExceptionTranslator.convertRabbitAccessException(RabbitExceptionTranslator.java:60) ~[spring-rabbit-4.1.0.jar:4.1.0]
	at org.springframework.amqp.rabbit.connection.AbstractConnectionFactory.createBareConnection(AbstractConnectionFactory.java:629) ~[spring-rabbit-4.1.0.jar:4.1.0]
	at org.springframework.amqp.rabbit.connection.CachingConnectionFactory.createConnection(CachingConnectionFactory.java:746) ~[spring-rabbit-4.1.0.jar:4.1.0]
	at org.springframework.amqp.rabbit.connection.ConnectionFactoryUtils.createConnection(ConnectionFactoryUtils.java:256) ~[spring-rabbit-4.1.0.jar:4.1.0]
	at org.springframework.amqp.rabbit.core.RabbitTemplate.doExecute(RabbitTemplate.java:2239) ~[spring-rabbit-4.1.0.jar:4.1.0]
	at org.springframework.amqp.rabbit.core.RabbitTemplate.execute(RabbitTemplate.java:2211) ~[spring-rabbit-4.1.0.jar:4.1.0]
	at org.springframework.amqp.rabbit.core.RabbitTemplate.execute(RabbitTemplate.java:2191) ~[spring-rabbit-4.1.0.jar:4.1.0]
	at org.springframework.boot.amqp.health.RabbitHealthIndicator.getVersion(RabbitHealthIndicator.java:54) ~[spring-boot-amqp-4.1.0.jar:4.1.0]
	at org.springframework.boot.amqp.health.RabbitHealthIndicator.doHealthCheck(RabbitHealthIndicator.java:47) ~[spring-boot-amqp-4.1.0.jar:4.1.0]
	at org.springframework.boot.health.contributor.AbstractHealthIndicator.health(AbstractHealthIndicator.java:80) ~[spring-boot-health-4.1.0.jar:4.1.0]
	at org.springframework.boot.health.contributor.HealthIndicator.health(HealthIndicator.java:37) ~[spring-boot-health-4.1.0.jar:4.1.0]
	at org.springframework.boot.health.actuate.endpoint.Contributor$Blocking.getDescriptor(Contributor.java:148) ~[spring-boot-health-4.1.0.jar:4.1.0]
	at org.springframework.boot.health.actuate.endpoint.Contributor$Blocking.getDescriptor(Contributor.java:126) ~[spring-boot-health-4.1.0.jar:4.1.0]
	at org.springframework.boot.health.actuate.endpoint.HealthEndpointSupport.getDescriptorAndLogIfSlow(HealthEndpointSupport.java:172) ~[spring-boot-health-4.1.0.jar:4.1.0]
	at org.springframework.boot.health.actuate.endpoint.HealthEndpointSupport.getDescriptor(HealthEndpointSupport.java:145) ~[spring-boot-health-4.1.0.jar:4.1.0]
	at org.springframework.boot.health.actuate.endpoint.HealthEndpointSupport.getAggregateDescriptor(HealthEndpointSupport.java:157) ~[spring-boot-health-4.1.0.jar:4.1.0]
	at org.springframework.boot.health.actuate.endpoint.HealthEndpointSupport.getDescriptor(HealthEndpointSupport.java:141) ~[spring-boot-health-4.1.0.jar:4.1.0]
	at org.springframework.boot.health.actuate.endpoint.HealthEndpointSupport.getResult(HealthEndpointSupport.java:110) ~[spring-boot-health-4.1.0.jar:4.1.0]
	at org.springframework.boot.health.actuate.endpoint.HealthEndpointSupport.getResult(HealthEndpointSupport.java:82) ~[spring-boot-health-4.1.0.jar:4.1.0]
	at org.springframework.boot.health.actuate.endpoint.HealthEndpointWebExtension.health(HealthEndpointWebExtension.java:85) ~[spring-boot-health-4.1.0.jar:4.1.0]
	at org.springframework.boot.health.actuate.endpoint.HealthEndpointWebExtension.health(HealthEndpointWebExtension.java:73) ~[spring-boot-health-4.1.0.jar:4.1.0]
	at java.base/jdk.internal.reflect.DirectMethodHandleAccessor.invoke(DirectMethodHandleAccessor.java:104) ~[na:na]
	at java.base/java.lang.reflect.Method.invoke(Method.java:565) ~[na:na]
	at org.springframework.util.ReflectionUtils.invokeMethod(ReflectionUtils.java:281) ~[spring-core-7.0.8.jar:7.0.8]
	at org.springframework.boot.actuate.endpoint.invoke.reflect.ReflectiveOperationInvoker.invoke(ReflectiveOperationInvoker.java:76) ~[spring-boot-actuator-4.1.0.jar:4.1.0]
	at org.springframework.boot.actuate.endpoint.annotation.AbstractDiscoveredOperation.invoke(AbstractDiscoveredOperation.java:62) ~[spring-boot-actuator-4.1.0.jar:4.1.0]
	at org.springframework.boot.webmvc.actuate.endpoint.web.AbstractWebMvcEndpointHandlerMapping$ServletWebOperationAdapter.handle(AbstractWebMvcEndpointHandlerMapping.java:347) ~[spring-boot-webmvc-4.1.0.jar:4.1.0]
	at org.springframework.boot.webmvc.actuate.endpoint.web.AbstractWebMvcEndpointHandlerMapping$OperationHandler.handle(AbstractWebMvcEndpointHandlerMapping.java:476) ~[spring-boot-webmvc-4.1.0.jar:4.1.0]
	at java.base/jdk.internal.reflect.DirectMethodHandleAccessor.invoke(DirectMethodHandleAccessor.java:104) ~[na:na]
	at java.base/java.lang.reflect.Method.invoke(Method.java:565) ~[na:na]
	at org.springframework.web.method.support.InvocableHandlerMethod.doInvoke(InvocableHandlerMethod.java:252) ~[spring-web-7.0.8.jar:7.0.8]
	at org.springframework.web.method.support.InvocableHandlerMethod.invokeForRequest(InvocableHandlerMethod.java:184) ~[spring-web-7.0.8.jar:7.0.8]
	at org.springframework.web.servlet.mvc.method.annotation.ServletInvocableHandlerMethod.invokeAndHandle(ServletInvocableHandlerMethod.java:117) ~[spring-webmvc-7.0.8.jar:7.0.8]
	at org.springframework.web.servlet.mvc.method.annotation.RequestMappingHandlerAdapter.invokeHandlerMethod(RequestMappingHandlerAdapter.java:934) ~[spring-webmvc-7.0.8.jar:7.0.8]
	at org.springframework.web.servlet.mvc.method.annotation.RequestMappingHandlerAdapter.handleInternal(RequestMappingHandlerAdapter.java:853) ~[spring-webmvc-7.0.8.jar:7.0.8]
	at org.springframework.web.servlet.mvc.method.AbstractHandlerMethodAdapter.handle(AbstractHandlerMethodAdapter.java:86) ~[spring-webmvc-7.0.8.jar:7.0.8]
	at org.springframework.web.servlet.DispatcherServlet.doDispatch(DispatcherServlet.java:963) ~[spring-webmvc-7.0.8.jar:7.0.8]
	at org.springframework.web.servlet.DispatcherServlet.doService(DispatcherServlet.java:866) ~[spring-webmvc-7.0.8.jar:7.0.8]
	at org.springframework.web.servlet.FrameworkServlet.processRequest(FrameworkServlet.java:1000) ~[spring-webmvc-7.0.8.jar:7.0.8]
	at org.springframework.web.servlet.FrameworkServlet.doGet(FrameworkServlet.java:892) ~[spring-webmvc-7.0.8.jar:7.0.8]
	at jakarta.servlet.http.HttpServlet.service(HttpServlet.java:622) ~[tomcat-embed-core-11.0.22.jar:6.1]
	at org.springframework.web.servlet.FrameworkServlet.service(FrameworkServlet.java:874) ~[spring-webmvc-7.0.8.jar:7.0.8]
	at jakarta.servlet.http.HttpServlet.service(HttpServlet.java:710) ~[tomcat-embed-core-11.0.22.jar:6.1]
	at org.apache.catalina.core.ApplicationFilterChain.doFilter(ApplicationFilterChain.java:128) ~[tomcat-embed-core-11.0.22.jar:11.0.22]
	at org.apache.tomcat.websocket.server.WsFilter.doFilter(WsFilter.java:53) ~[tomcat-embed-websocket-11.0.22.jar:11.0.22]
	at org.apache.catalina.core.ApplicationFilterChain.doFilter(ApplicationFilterChain.java:107) ~[tomcat-embed-core-11.0.22.jar:11.0.22]
	at org.springframework.web.filter.CompositeFilter$VirtualFilterChain.doFilter(CompositeFilter.java:108) ~[spring-web-7.0.8.jar:7.0.8]
	at org.springframework.security.web.FilterChainProxy.lambda$doFilterInternal$2(FilterChainProxy.java:235) ~[spring-security-web-7.1.0.jar:7.1.0]
	at org.springframework.security.web.ObservationFilterChainDecorator$FilterObservation$SimpleFilterObservation.lambda$wrap$1(ObservationFilterChainDecorator.java:491) ~[spring-security-web-7.1.0.jar:7.1.0]
	at org.springframework.security.web.ObservationFilterChainDecorator$AroundFilterObservation$SimpleAroundFilterObservation.lambda$wrap$1(ObservationFilterChainDecorator.java:353) ~[spring-security-web-7.1.0.jar:7.1.0]
	at org.springframework.security.web.ObservationFilterChainDecorator.lambda$wrapSecured$0(ObservationFilterChainDecorator.java:84) ~[spring-security-web-7.1.0.jar:7.1.0]
	at org.springframework.security.web.ObservationFilterChainDecorator$VirtualFilterChain.doFilter(ObservationFilterChainDecorator.java:131) ~[spring-security-web-7.1.0.jar:7.1.0]
	at org.springframework.security.web.access.intercept.AuthorizationFilter.doFilter(AuthorizationFilter.java:101) ~[spring-security-web-7.1.0.jar:7.1.0]
	at org.springframework.security.web.ObservationFilterChainDecorator$ObservationFilter.wrapFilter(ObservationFilterChainDecorator.java:243) ~[spring-security-web-7.1.0.jar:7.1.0]
	at org.springframework.security.web.ObservationFilterChainDecorator$ObservationFilter.doFilter(ObservationFilterChainDecorator.java:230) ~[spring-security-web-7.1.0.jar:7.1.0]
	at org.springframework.security.web.ObservationFilterChainDecorator$VirtualFilterChain.doFilter(ObservationFilterChainDecorator.java:140) ~[spring-security-web-7.1.0.jar:7.1.0]
	at org.springframework.security.web.access.ExceptionTranslationFilter.doFilter(ExceptionTranslationFilter.java:126) ~[spring-security-web-7.1.0.jar:7.1.0]
	at org.springframework.security.web.access.ExceptionTranslationFilter.doFilter(ExceptionTranslationFilter.java:120) ~[spring-security-web-7.1.0.jar:7.1.0]
	at org.springframework.security.web.ObservationFilterChainDecorator$ObservationFilter.wrapFilter(ObservationFilterChainDecorator.java:243) ~[spring-security-web-7.1.0.jar:7.1.0]
	at org.springframework.security.web.ObservationFilterChainDecorator$ObservationFilter.doFilter(ObservationFilterChainDecorator.java:230) ~[spring-security-web-7.1.0.jar:7.1.0]
	at org.springframework.security.web.ObservationFilterChainDecorator$VirtualFilterChain.doFilter(ObservationFilterChainDecorator.java:140) ~[spring-security-web-7.1.0.jar:7.1.0]
	at org.springframework.security.web.session.SessionManagementFilter.doFilter(SessionManagementFilter.java:132) ~[spring-security-web-7.1.0.jar:7.1.0]
	at org.springframework.security.web.session.SessionManagementFilter.doFilter(SessionManagementFilter.java:86) ~[spring-security-web-7.1.0.jar:7.1.0]
	at org.springframework.security.web.ObservationFilterChainDecorator$ObservationFilter.wrapFilter(ObservationFilterChainDecorator.java:243) ~[spring-security-web-7.1.0.jar:7.1.0]
	at org.springframework.security.web.ObservationFilterChainDecorator$ObservationFilter.doFilter(ObservationFilterChainDecorator.java:230) ~[spring-security-web-7.1.0.jar:7.1.0]
	at org.springframework.security.web.ObservationFilterChainDecorator$VirtualFilterChain.doFilter(ObservationFilterChainDecorator.java:140) ~[spring-security-web-7.1.0.jar:7.1.0]
	at org.springframework.security.web.authentication.AnonymousAuthenticationFilter.doFilter(AnonymousAuthenticationFilter.java:100) ~[spring-security-web-7.1.0.jar:7.1.0]
	at org.springframework.security.web.ObservationFilterChainDecorator$ObservationFilter.wrapFilter(ObservationFilterChainDecorator.java:243) ~[spring-security-web-7.1.0.jar:7.1.0]
	at org.springframework.security.web.ObservationFilterChainDecorator$ObservationFilter.doFilter(ObservationFilterChainDecorator.java:230) ~[spring-security-web-7.1.0.jar:7.1.0]
	at org.springframework.security.web.ObservationFilterChainDecorator$VirtualFilterChain.doFilter(ObservationFilterChainDecorator.java:140) ~[spring-security-web-7.1.0.jar:7.1.0]
	at org.springframework.security.web.servletapi.SecurityContextHolderAwareRequestFilter.doFilter(SecurityContextHolderAwareRequestFilter.java:181) ~[spring-security-web-7.1.0.jar:7.1.0]
	at org.springframework.security.web.ObservationFilterChainDecorator$ObservationFilter.wrapFilter(ObservationFilterChainDecorator.java:243) ~[spring-security-web-7.1.0.jar:7.1.0]
	at org.springframework.security.web.ObservationFilterChainDecorator$ObservationFilter.doFilter(ObservationFilterChainDecorator.java:230) ~[spring-security-web-7.1.0.jar:7.1.0]
	at org.springframework.security.web.ObservationFilterChainDecorator$VirtualFilterChain.doFilter(ObservationFilterChainDecorator.java:140) ~[spring-security-web-7.1.0.jar:7.1.0]
	at org.springframework.security.web.savedrequest.RequestCacheAwareFilter.doFilter(RequestCacheAwareFilter.java:63) ~[spring-security-web-7.1.0.jar:7.1.0]
	at org.springframework.security.web.ObservationFilterChainDecorator$ObservationFilter.wrapFilter(ObservationFilterChainDecorator.java:243) ~[spring-security-web-7.1.0.jar:7.1.0]
	at org.springframework.security.web.ObservationFilterChainDecorator$ObservationFilter.doFilter(ObservationFilterChainDecorator.java:230) ~[spring-security-web-7.1.0.jar:7.1.0]
	at org.springframework.security.web.ObservationFilterChainDecorator$VirtualFilterChain.doFilter(ObservationFilterChainDecorator.java:140) ~[spring-security-web-7.1.0.jar:7.1.0]
	at org.springframework.security.oauth2.server.resource.web.authentication.BearerTokenAuthenticationFilter.doFilterInternal(BearerTokenAuthenticationFilter.java:174) ~[spring-security-oauth2-resource-server-7.1.0.jar:7.1.0]
	at org.springframework.web.filter.OncePerRequestFilter.doFilter(OncePerRequestFilter.java:116) ~[spring-web-7.0.8.jar:7.0.8]
	at org.springframework.security.web.ObservationFilterChainDecorator$ObservationFilter.wrapFilter(ObservationFilterChainDecorator.java:243) ~[spring-security-web-7.1.0.jar:7.1.0]
	at org.springframework.security.web.ObservationFilterChainDecorator$ObservationFilter.doFilter(ObservationFilterChainDecorator.java:230) ~[spring-security-web-7.1.0.jar:7.1.0]
	at org.springframework.security.web.ObservationFilterChainDecorator$VirtualFilterChain.doFilter(ObservationFilterChainDecorator.java:140) ~[spring-security-web-7.1.0.jar:7.1.0]
	at org.springframework.security.oauth2.server.resource.web.OAuth2ProtectedResourceMetadataFilter.doFilterInternal(OAuth2ProtectedResourceMetadataFilter.java:98) ~[spring-security-oauth2-resource-server-7.1.0.jar:7.1.0]
	at org.springframework.web.filter.OncePerRequestFilter.doFilter(OncePerRequestFilter.java:116) ~[spring-web-7.0.8.jar:7.0.8]
	at org.springframework.security.web.ObservationFilterChainDecorator$ObservationFilter.wrapFilter(ObservationFilterChainDecorator.java:243) ~[spring-security-web-7.1.0.jar:7.1.0]
	at org.springframework.security.web.ObservationFilterChainDecorator$ObservationFilter.doFilter(ObservationFilterChainDecorator.java:230) ~[spring-security-web-7.1.0.jar:7.1.0]
	at org.springframework.security.web.ObservationFilterChainDecorator$VirtualFilterChain.doFilter(ObservationFilterChainDecorator.java:140) ~[spring-security-web-7.1.0.jar:7.1.0]
	at org.springframework.security.web.authentication.logout.LogoutFilter.doFilter(LogoutFilter.java:110) ~[spring-security-web-7.1.0.jar:7.1.0]
	at org.springframework.security.web.authentication.logout.LogoutFilter.doFilter(LogoutFilter.java:96) ~[spring-security-web-7.1.0.jar:7.1.0]
	at org.springframework.security.web.ObservationFilterChainDecorator$ObservationFilter.wrapFilter(ObservationFilterChainDecorator.java:243) ~[spring-security-web-7.1.0.jar:7.1.0]
	at org.springframework.security.web.ObservationFilterChainDecorator$ObservationFilter.doFilter(ObservationFilterChainDecorator.java:230) ~[spring-security-web-7.1.0.jar:7.1.0]
	at org.springframework.security.web.ObservationFilterChainDecorator$VirtualFilterChain.doFilter(ObservationFilterChainDecorator.java:140) ~[spring-security-web-7.1.0.jar:7.1.0]
	at org.springframework.web.filter.CorsFilter.doFilterInternal(CorsFilter.java:91) ~[spring-web-7.0.8.jar:7.0.8]
	at org.springframework.web.filter.OncePerRequestFilter.doFilter(OncePerRequestFilter.java:116) ~[spring-web-7.0.8.jar:7.0.8]
	at org.springframework.security.web.ObservationFilterChainDecorator$ObservationFilter.wrapFilter(ObservationFilterChainDecorator.java:243) ~[spring-security-web-7.1.0.jar:7.1.0]
	at org.springframework.security.web.ObservationFilterChainDecorator$ObservationFilter.doFilter(ObservationFilterChainDecorator.java:230) ~[spring-security-web-7.1.0.jar:7.1.0]
	at org.springframework.security.web.ObservationFilterChainDecorator$VirtualFilterChain.doFilter(ObservationFilterChainDecorator.java:140) ~[spring-security-web-7.1.0.jar:7.1.0]
	at org.springframework.security.web.header.HeaderWriterFilter.doHeadersAfter(HeaderWriterFilter.java:90) ~[spring-security-web-7.1.0.jar:7.1.0]
	at org.springframework.security.web.header.HeaderWriterFilter.doFilterInternal(HeaderWriterFilter.java:75) ~[spring-security-web-7.1.0.jar:7.1.0]
	at org.springframework.web.filter.OncePerRequestFilter.doFilter(OncePerRequestFilter.java:116) ~[spring-web-7.0.8.jar:7.0.8]
	at org.springframework.security.web.ObservationFilterChainDecorator$ObservationFilter.wrapFilter(ObservationFilterChainDecorator.java:243) ~[spring-security-web-7.1.0.jar:7.1.0]
	at org.springframework.security.web.ObservationFilterChainDecorator$ObservationFilter.doFilter(ObservationFilterChainDecorator.java:230) ~[spring-security-web-7.1.0.jar:7.1.0]
	at org.springframework.security.web.ObservationFilterChainDecorator$VirtualFilterChain.doFilter(ObservationFilterChainDecorator.java:140) ~[spring-security-web-7.1.0.jar:7.1.0]
	at org.springframework.security.web.context.SecurityContextHolderFilter.doFilter(SecurityContextHolderFilter.java:82) ~[spring-security-web-7.1.0.jar:7.1.0]
	at org.springframework.security.web.context.SecurityContextHolderFilter.doFilter(SecurityContextHolderFilter.java:69) ~[spring-security-web-7.1.0.jar:7.1.0]
	at org.springframework.security.web.ObservationFilterChainDecorator$ObservationFilter.wrapFilter(ObservationFilterChainDecorator.java:243) ~[spring-security-web-7.1.0.jar:7.1.0]
	at org.springframework.security.web.ObservationFilterChainDecorator$ObservationFilter.doFilter(ObservationFilterChainDecorator.java:230) ~[spring-security-web-7.1.0.jar:7.1.0]
	at org.springframework.security.web.ObservationFilterChainDecorator$VirtualFilterChain.doFilter(ObservationFilterChainDecorator.java:140) ~[spring-security-web-7.1.0.jar:7.1.0]
	at org.springframework.security.web.context.request.async.WebAsyncManagerIntegrationFilter.doFilterInternal(WebAsyncManagerIntegrationFilter.java:62) ~[spring-security-web-7.1.0.jar:7.1.0]
	at org.springframework.web.filter.OncePerRequestFilter.doFilter(OncePerRequestFilter.java:116) ~[spring-web-7.0.8.jar:7.0.8]
	at org.springframework.security.web.ObservationFilterChainDecorator$ObservationFilter.wrapFilter(ObservationFilterChainDecorator.java:243) ~[spring-security-web-7.1.0.jar:7.1.0]
	at org.springframework.security.web.ObservationFilterChainDecorator$ObservationFilter.doFilter(ObservationFilterChainDecorator.java:230) ~[spring-security-web-7.1.0.jar:7.1.0]
	at org.springframework.security.web.ObservationFilterChainDecorator$VirtualFilterChain.doFilter(ObservationFilterChainDecorator.java:140) ~[spring-security-web-7.1.0.jar:7.1.0]
	at org.springframework.security.web.session.DisableEncodeUrlFilter.doFilterInternal(DisableEncodeUrlFilter.java:42) ~[spring-security-web-7.1.0.jar:7.1.0]
	at org.springframework.web.filter.OncePerRequestFilter.doFilter(OncePerRequestFilter.java:116) ~[spring-web-7.0.8.jar:7.0.8]
	at org.springframework.security.web.ObservationFilterChainDecorator$ObservationFilter.wrapFilter(ObservationFilterChainDecorator.java:243) ~[spring-security-web-7.1.0.jar:7.1.0]
	at org.springframework.security.web.ObservationFilterChainDecorator$AroundFilterObservation$SimpleAroundFilterObservation.lambda$wrap$0(ObservationFilterChainDecorator.java:336) ~[spring-security-web-7.1.0.jar:7.1.0]
	at org.springframework.security.web.ObservationFilterChainDecorator$ObservationFilter.doFilter(ObservationFilterChainDecorator.java:227) ~[spring-security-web-7.1.0.jar:7.1.0]
	at org.springframework.security.web.ObservationFilterChainDecorator$VirtualFilterChain.doFilter(ObservationFilterChainDecorator.java:140) ~[spring-security-web-7.1.0.jar:7.1.0]
	at org.springframework.security.web.FilterChainProxy.doFilterInternal(FilterChainProxy.java:237) ~[spring-security-web-7.1.0.jar:7.1.0]
	at org.springframework.security.web.FilterChainProxy.doFilter(FilterChainProxy.java:195) ~[spring-security-web-7.1.0.jar:7.1.0]
	at org.springframework.web.filter.CompositeFilter$VirtualFilterChain.doFilter(CompositeFilter.java:113) ~[spring-web-7.0.8.jar:7.0.8]
	at org.springframework.web.filter.ServletRequestPathFilter.doFilter(ServletRequestPathFilter.java:52) ~[spring-web-7.0.8.jar:7.0.8]
	at org.springframework.web.filter.CompositeFilter$VirtualFilterChain.doFilter(CompositeFilter.java:113) ~[spring-web-7.0.8.jar:7.0.8]
	at org.springframework.web.filter.CompositeFilter.doFilter(CompositeFilter.java:74) ~[spring-web-7.0.8.jar:7.0.8]
	at org.springframework.security.config.annotation.web.configuration.WebSecurityConfiguration$CompositeFilterChainProxy.doFilter(WebSecurityConfiguration.java:317) ~[spring-security-config-7.1.0.jar:7.1.0]
	at org.springframework.web.filter.DelegatingFilterProxy.invokeDelegate(DelegatingFilterProxy.java:355) ~[spring-web-7.0.8.jar:7.0.8]
	at org.springframework.web.filter.DelegatingFilterProxy.doFilter(DelegatingFilterProxy.java:272) ~[spring-web-7.0.8.jar:7.0.8]
	at org.apache.catalina.core.ApplicationFilterChain.doFilter(ApplicationFilterChain.java:107) ~[tomcat-embed-core-11.0.22.jar:11.0.22]
	at org.springframework.web.filter.RequestContextFilter.doFilterInternal(RequestContextFilter.java:100) ~[spring-web-7.0.8.jar:7.0.8]
	at org.springframework.web.filter.OncePerRequestFilter.doFilter(OncePerRequestFilter.java:116) ~[spring-web-7.0.8.jar:7.0.8]
	at org.apache.catalina.core.ApplicationFilterChain.doFilter(ApplicationFilterChain.java:107) ~[tomcat-embed-core-11.0.22.jar:11.0.22]
	at org.springframework.web.filter.FormContentFilter.doFilterInternal(FormContentFilter.java:93) ~[spring-web-7.0.8.jar:7.0.8]
	at org.springframework.web.filter.OncePerRequestFilter.doFilter(OncePerRequestFilter.java:116) ~[spring-web-7.0.8.jar:7.0.8]
	at org.apache.catalina.core.ApplicationFilterChain.doFilter(ApplicationFilterChain.java:107) ~[tomcat-embed-core-11.0.22.jar:11.0.22]
	at org.springframework.web.filter.ServerHttpObservationFilter.doFilterInternal(ServerHttpObservationFilter.java:110) ~[spring-web-7.0.8.jar:7.0.8]
	at org.springframework.web.filter.OncePerRequestFilter.doFilter(OncePerRequestFilter.java:116) ~[spring-web-7.0.8.jar:7.0.8]
	at org.apache.catalina.core.ApplicationFilterChain.doFilter(ApplicationFilterChain.java:107) ~[tomcat-embed-core-11.0.22.jar:11.0.22]
	at org.springframework.web.filter.CharacterEncodingFilter.doFilterInternal(CharacterEncodingFilter.java:199) ~[spring-web-7.0.8.jar:7.0.8]
	at org.springframework.web.filter.OncePerRequestFilter.doFilter(OncePerRequestFilter.java:116) ~[spring-web-7.0.8.jar:7.0.8]
	at org.apache.catalina.core.ApplicationFilterChain.doFilter(ApplicationFilterChain.java:107) ~[tomcat-embed-core-11.0.22.jar:11.0.22]
	at org.apache.catalina.core.StandardWrapperValve.invoke(StandardWrapperValve.java:165) ~[tomcat-embed-core-11.0.22.jar:11.0.22]
	at org.apache.catalina.core.StandardContextValve.invoke(StandardContextValve.java:77) ~[tomcat-embed-core-11.0.22.jar:11.0.22]
	at org.apache.catalina.authenticator.AuthenticatorBase.invoke(AuthenticatorBase.java:492) ~[tomcat-embed-core-11.0.22.jar:11.0.22]
	at org.apache.catalina.core.StandardHostValve.invoke(StandardHostValve.java:113) ~[tomcat-embed-core-11.0.22.jar:11.0.22]
	at org.apache.catalina.valves.ErrorReportValve.invoke(ErrorReportValve.java:83) ~[tomcat-embed-core-11.0.22.jar:11.0.22]
	at org.apache.catalina.core.StandardEngineValve.invoke(StandardEngineValve.java:72) ~[tomcat-embed-core-11.0.22.jar:11.0.22]
	at org.apache.catalina.connector.CoyoteAdapter.service(CoyoteAdapter.java:341) ~[tomcat-embed-core-11.0.22.jar:11.0.22]
	at org.apache.coyote.http11.Http11Processor.service(Http11Processor.java:397) ~[tomcat-embed-core-11.0.22.jar:11.0.22]
	at org.apache.coyote.AbstractProcessorLight.process(AbstractProcessorLight.java:63) ~[tomcat-embed-core-11.0.22.jar:11.0.22]
	at org.apache.coyote.AbstractProtocol$ConnectionHandler.process(AbstractProtocol.java:1272) ~[tomcat-embed-core-11.0.22.jar:11.0.22]
	at org.apache.tomcat.util.net.NioEndpoint$SocketProcessor.doRun(NioEndpoint.java:1801) ~[tomcat-embed-core-11.0.22.jar:11.0.22]
	at org.apache.tomcat.util.net.SocketProcessorBase.run(SocketProcessorBase.java:52) ~[tomcat-embed-core-11.0.22.jar:11.0.22]
	at org.apache.tomcat.util.threads.ThreadPoolExecutor.runWorker(ThreadPoolExecutor.java:946) ~[tomcat-embed-core-11.0.22.jar:11.0.22]
	at org.apache.tomcat.util.threads.ThreadPoolExecutor$Worker.run(ThreadPoolExecutor.java:480) ~[tomcat-embed-core-11.0.22.jar:11.0.22]
	at org.apache.tomcat.util.threads.TaskThread$WrappingRunnable.run(TaskThread.java:57) ~[tomcat-embed-core-11.0.22.jar:11.0.22]
	at java.base/java.lang.Thread.run(Thread.java:1447) ~[na:na]
Caused by: java.net.ConnectException: Connection refused: getsockopt
	at java.base/sun.nio.ch.Net.pollConnect(Native Method) ~[na:na]
	at java.base/sun.nio.ch.Net.pollConnectNow(Net.java:628) ~[na:na]
	at java.base/sun.nio.ch.NioSocketImpl.timedFinishConnect(NioSocketImpl.java:533) ~[na:na]
	at java.base/sun.nio.ch.NioSocketImpl.connect(NioSocketImpl.java:583) ~[na:na]
	at java.base/java.net.SocksSocketImpl.connect(SocksSocketImpl.java:282) ~[na:na]
	at java.base/java.net.Socket.connect(Socket.java:665) ~[na:na]
	at com.rabbitmq.client.impl.SocketFrameHandlerFactory.create(SocketFrameHandlerFactory.java:61) ~[amqp-client-5.30.0.jar:5.30.0]
	at com.rabbitmq.client.ConnectionFactory.newConnection(ConnectionFactory.java:1355) ~[amqp-client-5.30.0.jar:5.30.0]
	at com.rabbitmq.client.ConnectionFactory.newConnection(ConnectionFactory.java:1297) ~[amqp-client-5.30.0.jar:5.30.0]
	at org.springframework.amqp.rabbit.connection.AbstractConnectionFactory.connectAddresses(AbstractConnectionFactory.java:676) ~[spring-rabbit-4.1.0.jar:4.1.0]
	at org.springframework.amqp.rabbit.connection.AbstractConnectionFactory.connect(AbstractConnectionFactory.java:644) ~[spring-rabbit-4.1.0.jar:4.1.0]
	at org.springframework.amqp.rabbit.connection.AbstractConnectionFactory.createBareConnection(AbstractConnectionFactory.java:590) ~[spring-rabbit-4.1.0.jar:4.1.0]
	... 156 common frames omitted

2026-07-29T18:43:07.722+05:30  WARN 49044 --- [expense-management-service] [oundedElastic-1] b.d.r.h.DataRedisReactiveHealthIndicator : Redis health check failed

org.springframework.data.redis.RedisConnectionFailureException: Unable to connect to Redis
	at org.springframework.data.redis.connection.lettuce.LettuceConnectionFactory$ExceptionTranslatingConnectionProvider.translateException(LettuceConnectionFactory.java:1873) ~[spring-data-redis-4.1.0.jar:4.1.0]
	at org.springframework.data.redis.connection.lettuce.LettuceConnectionFactory$ExceptionTranslatingConnectionProvider.getConnection(LettuceConnectionFactory.java:1804) ~[spring-data-redis-4.1.0.jar:4.1.0]
	at org.springframework.data.redis.connection.lettuce.LettuceConnectionFactory$SharedConnection.getNativeConnection(LettuceConnectionFactory.java:1601) ~[spring-data-redis-4.1.0.jar:4.1.0]
	at org.springframework.data.redis.connection.lettuce.LettuceConnectionFactory$SharedConnection.lambda$getConnection$0(LettuceConnectionFactory.java:1581) ~[spring-data-redis-4.1.0.jar:4.1.0]
	at org.springframework.data.redis.connection.lettuce.LettuceConnectionFactory.doInLock(LettuceConnectionFactory.java:1542) ~[spring-data-redis-4.1.0.jar:4.1.0]
	at org.springframework.data.redis.connection.lettuce.LettuceConnectionFactory$SharedConnection.getConnection(LettuceConnectionFactory.java:1578) ~[spring-data-redis-4.1.0.jar:4.1.0]
	at org.springframework.data.redis.connection.lettuce.LettuceConnectionFactory.getSharedReactiveConnection(LettuceConnectionFactory.java:1283) ~[spring-data-redis-4.1.0.jar:4.1.0]
	at org.springframework.data.redis.connection.lettuce.LettuceConnectionFactory.getReactiveConnection(LettuceConnectionFactory.java:1153) ~[spring-data-redis-4.1.0.jar:4.1.0]
	at org.springframework.data.redis.connection.lettuce.LettuceConnectionFactory.getReactiveConnection(LettuceConnectionFactory.java:122) ~[spring-data-redis-4.1.0.jar:4.1.0]
	at reactor.core.publisher.MonoSupplier.call(MonoSupplier.java:63) ~[reactor-core-3.8.6.jar:3.8.6]
	at reactor.core.publisher.FluxSubscribeOnCallable$CallableSubscribeOnSubscription.run(FluxSubscribeOnCallable.java:228) ~[reactor-core-3.8.6.jar:3.8.6]
	at reactor.core.scheduler.SchedulerTask.call(SchedulerTask.java:72) ~[reactor-core-3.8.6.jar:3.8.6]
	at reactor.core.scheduler.SchedulerTask.call(SchedulerTask.java:28) ~[reactor-core-3.8.6.jar:3.8.6]
	at java.base/java.util.concurrent.FutureTask.run(FutureTask.java:328) ~[na:na]
	at java.base/java.util.concurrent.ScheduledThreadPoolExecutor$ScheduledFutureTask.run(ScheduledThreadPoolExecutor.java:309) ~[na:na]
	at java.base/java.util.concurrent.ThreadPoolExecutor.runWorker(ThreadPoolExecutor.java:1095) ~[na:na]
	at java.base/java.util.concurrent.ThreadPoolExecutor$Worker.run(ThreadPoolExecutor.java:619) ~[na:na]
	at java.base/java.lang.Thread.run(Thread.java:1447) ~[na:na]
Caused by: io.lettuce.core.RedisConnectionException: Unable to connect to localhost/<unresolved>:6379
	at io.lettuce.core.RedisConnectionException.create(RedisConnectionException.java:63) ~[lettuce-core-7.5.2.RELEASE.jar:7.5.2.RELEASE/5728917]
	at io.lettuce.core.RedisConnectionException.create(RedisConnectionException.java:41) ~[lettuce-core-7.5.2.RELEASE.jar:7.5.2.RELEASE/5728917]
	at io.lettuce.core.AbstractRedisClient.getConnection(AbstractRedisClient.java:315) ~[lettuce-core-7.5.2.RELEASE.jar:7.5.2.RELEASE/5728917]
	at io.lettuce.core.RedisClient.connect(RedisClient.java:220) ~[lettuce-core-7.5.2.RELEASE.jar:7.5.2.RELEASE/5728917]
	at org.springframework.data.redis.connection.lettuce.StandaloneConnectionProvider.lambda$getConnection$1(StandaloneConnectionProvider.java:113) ~[spring-data-redis-4.1.0.jar:4.1.0]
	at java.base/java.util.Optional.orElseGet(Optional.java:364) ~[na:na]
	at org.springframework.data.redis.connection.lettuce.StandaloneConnectionProvider.getConnection(StandaloneConnectionProvider.java:113) ~[spring-data-redis-4.1.0.jar:4.1.0]
	at org.springframework.data.redis.connection.lettuce.LettuceConnectionFactory$ExceptionTranslatingConnectionProvider.getConnection(LettuceConnectionFactory.java:1802) ~[spring-data-redis-4.1.0.jar:4.1.0]
	... 16 common frames omitted
Caused by: io.netty.channel.AbstractChannel$AnnotatedConnectException: Connection refused: getsockopt: localhost/127.0.0.1:6379
Caused by: java.net.ConnectException: Connection refused: getsockopt
	at java.base/sun.nio.ch.Net.pollConnect(Native Method) ~[na:na]
	at java.base/sun.nio.ch.Net.pollConnectNow(Net.java:628) ~[na:na]
	at java.base/sun.nio.ch.SocketChannelImpl.finishConnect(SocketChannelImpl.java:1046) ~[na:na]
	at io.netty.channel.socket.nio.NioSocketChannel.doFinishConnect(NioSocketChannel.java:330) ~[netty-transport-4.2.15.Final.jar:4.2.15.Final]
	at io.netty.channel.nio.AbstractNioChannel$AbstractNioUnsafe.finishConnect(AbstractNioChannel.java:384) ~[netty-transport-4.2.15.Final.jar:4.2.15.Final]
	at io.netty.channel.nio.AbstractNioChannel$AbstractNioUnsafe.handle(AbstractNioChannel.java:432) ~[netty-transport-4.2.15.Final.jar:4.2.15.Final]
	at io.netty.channel.nio.NioIoHandler$DefaultNioRegistration.handle(NioIoHandler.java:388) ~[netty-transport-4.2.15.Final.jar:4.2.15.Final]
	at io.netty.channel.nio.NioIoHandler.processSelectedKey(NioIoHandler.java:596) ~[netty-transport-4.2.15.Final.jar:4.2.15.Final]
	at io.netty.channel.nio.NioIoHandler.processSelectedKeysOptimized(NioIoHandler.java:571) ~[netty-transport-4.2.15.Final.jar:4.2.15.Final]
	at io.netty.channel.nio.NioIoHandler.processSelectedKeys(NioIoHandler.java:512) ~[netty-transport-4.2.15.Final.jar:4.2.15.Final]
	at io.netty.channel.nio.NioIoHandler.run(NioIoHandler.java:484) ~[netty-transport-4.2.15.Final.jar:4.2.15.Final]
	at io.netty.channel.SingleThreadIoEventLoop.runIo(SingleThreadIoEventLoop.java:225) ~[netty-transport-4.2.15.Final.jar:4.2.15.Final]
	at io.netty.channel.SingleThreadIoEventLoop.run(SingleThreadIoEventLoop.java:196) ~[netty-transport-4.2.15.Final.jar:4.2.15.Final]
	at io.netty.util.concurrent.SingleThreadEventExecutor$5.run(SingleThreadEventExecutor.java:1195) ~[netty-common-4.2.15.Final.jar:4.2.15.Final]
	at io.netty.util.internal.ThreadExecutorMap$2.run(ThreadExecutorMap.java:74) ~[netty-common-4.2.15.Final.jar:4.2.15.Final]
	at io.netty.util.concurrent.FastThreadLocalRunnable.run(FastThreadLocalRunnable.java:30) ~[netty-common-4.2.15.Final.jar:4.2.15.Final]
	at java.base/java.lang.Thread.run(Thread.java:1447) ~[na:na]

2026-07-29T18:43:07.730+05:30 DEBUG 49044 --- [expense-management-service] [nio-8080-exec-2] o.s.w.s.m.m.a.HttpEntityMethodProcessor  : Using 'application/vnd.spring-boot.actuator.v3+json', given [*/*] and supported [application/vnd.spring-boot.actuator.v3+json, application/vnd.spring-boot.actuator.v2+json, application/json]
2026-07-29T18:43:07.733+05:30 DEBUG 49044 --- [expense-management-service] [nio-8080-exec-2] o.s.w.s.m.m.a.HttpEntityMethodProcessor  : Writing [org.springframework.boot.health.actuate.endpoint.SystemHealthDescriptor@7620628f]
2026-07-29T18:43:07.742+05:30 DEBUG 49044 --- [expense-management-service] [nio-8080-exec-2] o.s.web.servlet.DispatcherServlet        : Completed 503 SERVICE_UNAVAILABLE
2026-07-29T18:50:01.459+05:30  INFO 49044 --- [expense-management-service] [   scheduling-1] c.e.scheduler.CdcRetryScheduler          : Starting scheduled CDC failure retry
2026-07-29T18:50:08.793+05:30 DEBUG 49044 --- [expense-management-service] [   scheduling-1] org.hibernate.SQL                        : 
    select
        cfl1_0.failure_id,
        cfl1_0.created_at,
        cfl1_0.employee_id,
        cfl1_0.employee_uuid,
        cfl1_0.error_message,
        cfl1_0.failure_type,
        cfl1_0.kafka_offset,
        cfl1_0.kafka_partition,
        cfl1_0.last_retried_at,
        cfl1_0.max_retries,
        cfl1_0.operation,
        cfl1_0.raw_payload,
        cfl1_0.resolved_at,
        cfl1_0.retry_count,
        cfl1_0.source_topic,
        cfl1_0.status 
    from
        cdc_failure_log cfl1_0 
    where
        cfl1_0.status in (?, ?) 
        and cfl1_0.retry_count<?
Hibernate: 
    select
        cfl1_0.failure_id,
        cfl1_0.created_at,
        cfl1_0.employee_id,
        cfl1_0.employee_uuid,
        cfl1_0.error_message,
        cfl1_0.failure_type,
        cfl1_0.kafka_offset,
        cfl1_0.kafka_partition,
        cfl1_0.last_retried_at,
        cfl1_0.max_retries,
        cfl1_0.operation,
        cfl1_0.raw_payload,
        cfl1_0.resolved_at,
        cfl1_0.retry_count,
        cfl1_0.source_topic,
        cfl1_0.status 
    from
        cdc_failure_log cfl1_0 
    where
        cfl1_0.status in (?, ?) 
        and cfl1_0.retry_count<?
2026-07-29T18:50:08.865+05:30 TRACE 49044 --- [expense-management-service] [   scheduling-1] org.hibernate.orm.jdbc.bind              : binding parameter (1:VARCHAR) <- [FAILED]
2026-07-29T18:50:08.877+05:30 TRACE 49044 --- [expense-management-service] [   scheduling-1] org.hibernate.orm.jdbc.bind              : binding parameter (2:VARCHAR) <- [RETRYING]
2026-07-29T18:50:08.881+05:30 TRACE 49044 --- [expense-management-service] [   scheduling-1] org.hibernate.orm.jdbc.bind              : binding parameter (3:INTEGER) <- [3]
2026-07-29T18:50:11.788+05:30 DEBUG 49044 --- [expense-management-service] [   scheduling-1] org.hibernate.SQL                        : 
    select
        ec1_0.cache_id,
        ec1_0.created_at,
        ec1_0.department_uuid,
        ec1_0.designation_uuid,
        ec1_0.employee_id,
        ec1_0.employee_uuid,
        ec1_0.employment_status,
        ec1_0.employment_type,
        ec1_0.first_name,
        ec1_0.joining_date,
        ec1_0.last_name,
        ec1_0.manager_employee_id,
        ec1_0.synced_at,
        ec1_0.updated_at,
        ec1_0.work_email 
    from
        employee_cache ec1_0 
    where
        ec1_0.employee_uuid is null
Hibernate: 
    select
        ec1_0.cache_id,
        ec1_0.created_at,
        ec1_0.department_uuid,
        ec1_0.designation_uuid,
        ec1_0.employee_id,
        ec1_0.employee_uuid,
        ec1_0.employment_status,
        ec1_0.employment_type,
        ec1_0.first_name,
        ec1_0.joining_date,
        ec1_0.last_name,
        ec1_0.manager_employee_id,
        ec1_0.synced_at,
        ec1_0.updated_at,
        ec1_0.work_email 
    from
        employee_cache ec1_0 
    where
        ec1_0.employee_uuid is null
2026-07-29T18:50:12.141+05:30  INFO 49044 --- [expense-management-service] [   scheduling-1] c.e.consumer.EmployeeCdcConsumer         : Upserted employee cache row: employeeId=5100199 employeeUuid=null status=null
2026-07-29T18:50:12.489+05:30  INFO 49044 --- [expense-management-service] [   scheduling-1] c.e.s.impl.CdcFailureLogServiceImpl      : CDC failure 9022c5b8-4bb6-4286-b862-3ff8daa78651 resolved on retry
2026-07-29T18:50:12.540+05:30  INFO 49044 --- [expense-management-service] [   scheduling-1] c.e.service.impl.CdcRetryServiceImpl     : CDC retry run finished: attempted=1, succeeded=1, failed=0
2026-07-29T18:50:13.950+05:30 DEBUG 49044 --- [expense-management-service] [   scheduling-1] org.hibernate.SQL                        : 
    insert 
    into
        employee_cache
        (created_at, department_uuid, designation_uuid, employee_id, employee_uuid, employment_status, employment_type, first_name, joining_date, last_name, manager_employee_id, synced_at, updated_at, work_email, cache_id) 
    values
        (?, ?, ?, ?, ?, ?, ?, ?, ?, ?, ?, ?, ?, ?, ?)
Hibernate: 
    insert 
    into
        employee_cache
        (created_at, department_uuid, designation_uuid, employee_id, employee_uuid, employment_status, employment_type, first_name, joining_date, last_name, manager_employee_id, synced_at, updated_at, work_email, cache_id) 
    values
        (?, ?, ?, ?, ?, ?, ?, ?, ?, ?, ?, ?, ?, ?, ?)
2026-07-29T18:50:13.962+05:30 TRACE 49044 --- [expense-management-service] [   scheduling-1] org.hibernate.orm.jdbc.bind              : binding parameter (1:TIMESTAMP) <- [2026-07-29T18:50:13.901638]
2026-07-29T18:50:13.964+05:30 TRACE 49044 --- [expense-management-service] [   scheduling-1] org.hibernate.orm.jdbc.bind              : binding parameter (2:VARCHAR) <- [null]
2026-07-29T18:50:13.966+05:30 TRACE 49044 --- [expense-management-service] [   scheduling-1] org.hibernate.orm.jdbc.bind              : binding parameter (3:VARCHAR) <- [null]
2026-07-29T18:50:13.967+05:30 TRACE 49044 --- [expense-management-service] [   scheduling-1] org.hibernate.orm.jdbc.bind              : binding parameter (4:VARCHAR) <- [5100199]
2026-07-29T18:50:13.969+05:30 TRACE 49044 --- [expense-management-service] [   scheduling-1] org.hibernate.orm.jdbc.bind              : binding parameter (5:VARCHAR) <- [null]
2026-07-29T18:50:13.971+05:30 TRACE 49044 --- [expense-management-service] [   scheduling-1] org.hibernate.orm.jdbc.bind              : binding parameter (6:VARCHAR) <- [null]
2026-07-29T18:50:13.972+05:30 TRACE 49044 --- [expense-management-service] [   scheduling-1] org.hibernate.orm.jdbc.bind              : binding parameter (7:VARCHAR) <- [null]
2026-07-29T18:50:13.974+05:30 TRACE 49044 --- [expense-management-service] [   scheduling-1] org.hibernate.orm.jdbc.bind              : binding parameter (8:VARCHAR) <- [null]
2026-07-29T18:50:13.975+05:30 TRACE 49044 --- [expense-management-service] [   scheduling-1] org.hibernate.orm.jdbc.bind              : binding parameter (9:DATE) <- [null]
2026-07-29T18:50:13.976+05:30 TRACE 49044 --- [expense-management-service] [   scheduling-1] org.hibernate.orm.jdbc.bind              : binding parameter (10:VARCHAR) <- [null]
2026-07-29T18:50:13.978+05:30 TRACE 49044 --- [expense-management-service] [   scheduling-1] org.hibernate.orm.jdbc.bind              : binding parameter (11:VARCHAR) <- [null]
2026-07-29T18:50:13.979+05:30 TRACE 49044 --- [expense-management-service] [   scheduling-1] org.hibernate.orm.jdbc.bind              : binding parameter (12:TIMESTAMP) <- [2026-07-29T18:50:11.869538700]
2026-07-29T18:50:13.980+05:30 TRACE 49044 --- [expense-management-service] [   scheduling-1] org.hibernate.orm.jdbc.bind              : binding parameter (13:TIMESTAMP) <- [2026-07-29T18:50:13.902172]
2026-07-29T18:50:13.981+05:30 TRACE 49044 --- [expense-management-service] [   scheduling-1] org.hibernate.orm.jdbc.bind              : binding parameter (14:VARCHAR) <- [null]
2026-07-29T18:50:13.983+05:30 TRACE 49044 --- [expense-management-service] [   scheduling-1] org.hibernate.orm.jdbc.bind              : binding parameter (15:UUID) <- [085eea3c-0321-41cd-86fa-d4aee8cd4f27]
2026-07-29T18:50:15.743+05:30  WARN 49044 --- [expense-management-service] [   scheduling-1] org.hibernate.orm.jdbc.error             : HHH000247: ErrorCode: 1048, SQLState: 23000
2026-07-29T18:50:15.764+05:30  WARN 49044 --- [expense-management-service] [   scheduling-1] org.hibernate.orm.jdbc.error             : Column 'employee_uuid' cannot be null
2026-07-29T18:50:16.032+05:30 ERROR 49044 --- [expense-management-service] [   scheduling-1] o.s.s.s.TaskUtils$LoggingErrorHandler    : Unexpected error occurred in scheduled task

org.springframework.dao.DataIntegrityViolationException: could not execute statement [Column 'employee_uuid' cannot be null] [insert into employee_cache (created_at,department_uuid,designation_uuid,employee_id,employee_uuid,employment_status,employment_type,first_name,joining_date,last_name,manager_employee_id,synced_at,updated_at,work_email,cache_id) values (?,?,?,?,?,?,?,?,?,?,?,?,?,?,?)]; SQL [insert into employee_cache (created_at,department_uuid,designation_uuid,employee_id,employee_uuid,employment_status,employment_type,first_name,joining_date,last_name,manager_employee_id,synced_at,updated_at,work_email,cache_id) values (?,?,?,?,?,?,?,?,?,?,?,?,?,?,?)]; constraint [employee_uuid]
	at org.springframework.orm.jpa.hibernate.HibernateExceptionTranslator.convertHibernateAccessException(HibernateExceptionTranslator.java:169) ~[spring-orm-7.0.8.jar:7.0.8]
	at org.springframework.orm.jpa.hibernate.HibernateExceptionTranslator.convertHibernateAccessException(HibernateExceptionTranslator.java:131) ~[spring-orm-7.0.8.jar:7.0.8]
	at org.springframework.orm.jpa.hibernate.HibernateExceptionTranslator.translateExceptionIfPossible(HibernateExceptionTranslator.java:105) ~[spring-orm-7.0.8.jar:7.0.8]
	at org.springframework.orm.jpa.vendor.HibernateJpaDialect.translateExceptionIfPossible(HibernateJpaDialect.java:223) ~[spring-orm-7.0.8.jar:7.0.8]
	at org.springframework.orm.jpa.JpaTransactionManager.doCommit(JpaTransactionManager.java:556) ~[spring-orm-7.0.8.jar:7.0.8]
	at org.springframework.transaction.support.AbstractPlatformTransactionManager.processCommit(AbstractPlatformTransactionManager.java:794) ~[spring-tx-7.0.8.jar:7.0.8]
	at org.springframework.transaction.support.AbstractPlatformTransactionManager.commit(AbstractPlatformTransactionManager.java:757) ~[spring-tx-7.0.8.jar:7.0.8]
	at org.springframework.transaction.interceptor.TransactionAspectSupport.commitTransactionAfterReturning(TransactionAspectSupport.java:687) ~[spring-tx-7.0.8.jar:7.0.8]
	at org.springframework.transaction.interceptor.TransactionAspectSupport.invokeWithinTransaction(TransactionAspectSupport.java:408) ~[spring-tx-7.0.8.jar:7.0.8]
	at org.springframework.transaction.interceptor.TransactionInterceptor.invoke(TransactionInterceptor.java:130) ~[spring-tx-7.0.8.jar:7.0.8]
	at org.springframework.aop.framework.ReflectiveMethodInvocation.proceed(ReflectiveMethodInvocation.java:179) ~[spring-aop-7.0.8.jar:7.0.8]
	at org.springframework.aop.framework.CglibAopProxy$DynamicAdvisedInterceptor.intercept(CglibAopProxy.java:719) ~[spring-aop-7.0.8.jar:7.0.8]
	at com.expense_management_service.service.impl.CdcRetryServiceImpl$$SpringCGLIB$$0.retryFailedEvents(<generated>) ~[classes/:na]
	at com.expense_management_service.scheduler.CdcRetryScheduler.retry(CdcRetryScheduler.java:30) ~[classes/:na]
	at java.base/jdk.internal.reflect.DirectMethodHandleAccessor.invoke(DirectMethodHandleAccessor.java:104) ~[na:na]
	at java.base/java.lang.reflect.Method.invoke(Method.java:565) ~[na:na]
	at org.springframework.scheduling.support.ScheduledMethodRunnable.runInternal(ScheduledMethodRunnable.java:128) ~[spring-context-7.0.8.jar:7.0.8]
	at org.springframework.scheduling.support.ScheduledMethodRunnable.lambda$run$1(ScheduledMethodRunnable.java:122) ~[spring-context-7.0.8.jar:7.0.8]
	at io.micrometer.observation.Observation.observe(Observation.java:569) ~[micrometer-observation-1.17.0.jar:1.17.0]
	at org.springframework.scheduling.support.ScheduledMethodRunnable.run(ScheduledMethodRunnable.java:122) ~[spring-context-7.0.8.jar:7.0.8]
	at org.springframework.scheduling.config.Task$OutcomeTrackingRunnable.run(Task.java:88) ~[spring-context-7.0.8.jar:7.0.8]
	at org.springframework.scheduling.support.DelegatingErrorHandlingRunnable.run(DelegatingErrorHandlingRunnable.java:54) ~[spring-context-7.0.8.jar:7.0.8]
	at org.springframework.scheduling.concurrent.ReschedulingRunnable.run(ReschedulingRunnable.java:94) ~[spring-context-7.0.8.jar:7.0.8]
	at java.base/java.util.concurrent.Executors$RunnableAdapter.call(Executors.java:545) ~[na:na]
	at java.base/java.util.concurrent.FutureTask.run(FutureTask.java:328) ~[na:na]
	at java.base/java.util.concurrent.ScheduledThreadPoolExecutor$ScheduledFutureTask.run(ScheduledThreadPoolExecutor.java:309) ~[na:na]
	at java.base/java.util.concurrent.ThreadPoolExecutor.runWorker(ThreadPoolExecutor.java:1095) ~[na:na]
	at java.base/java.util.concurrent.ThreadPoolExecutor$Worker.run(ThreadPoolExecutor.java:619) ~[na:na]
	at java.base/java.lang.Thread.run(Thread.java:1447) ~[na:na]
Caused by: org.hibernate.exception.ConstraintViolationException: could not execute statement [Column 'employee_uuid' cannot be null] [insert into employee_cache (created_at,department_uuid,designation_uuid,employee_id,employee_uuid,employment_status,employment_type,first_name,joining_date,last_name,manager_employee_id,synced_at,updated_at,work_email,cache_id) values (?,?,?,?,?,?,?,?,?,?,?,?,?,?,?)]
	at org.hibernate.dialect.MySQLDialect.lambda$buildSQLExceptionConversionDelegate$0(MySQLDialect.java:1291) ~[hibernate-core-7.4.1.Final.jar:7.4.1.Final]
	at org.hibernate.exception.internal.StandardSQLExceptionConverter.convert(StandardSQLExceptionConverter.java:34) ~[hibernate-core-7.4.1.Final.jar:7.4.1.Final]
	at org.hibernate.engine.jdbc.spi.SqlExceptionHelper.convert(SqlExceptionHelper.java:115) ~[hibernate-core-7.4.1.Final.jar:7.4.1.Final]
	at org.hibernate.engine.jdbc.internal.ResultSetReturnImpl.executeUpdate(ResultSetReturnImpl.java:189) ~[hibernate-core-7.4.1.Final.jar:7.4.1.Final]
	at org.hibernate.engine.jdbc.mutation.internal.AbstractMutationExecutor.performNonBatchedMutation(AbstractMutationExecutor.java:145) ~[hibernate-core-7.4.1.Final.jar:7.4.1.Final]
	at org.hibernate.engine.jdbc.mutation.internal.MutationExecutorSingleNonBatched.performNonBatchedOperations(MutationExecutorSingleNonBatched.java:53) ~[hibernate-core-7.4.1.Final.jar:7.4.1.Final]
	at org.hibernate.engine.jdbc.mutation.internal.AbstractMutationExecutor.execute(AbstractMutationExecutor.java:65) ~[hibernate-core-7.4.1.Final.jar:7.4.1.Final]
	at org.hibernate.engine.jdbc.mutation.internal.AbstractMutationExecutor.execute(AbstractMutationExecutor.java:54) ~[hibernate-core-7.4.1.Final.jar:7.4.1.Final]
	at org.hibernate.persister.entity.mutation.InsertCoordinatorStandard.doStaticInserts(InsertCoordinatorStandard.java:183) ~[hibernate-core-7.4.1.Final.jar:7.4.1.Final]
	at org.hibernate.persister.entity.mutation.InsertCoordinatorStandard.coordinateInsert(InsertCoordinatorStandard.java:123) ~[hibernate-core-7.4.1.Final.jar:7.4.1.Final]
	at org.hibernate.persister.entity.mutation.InsertCoordinatorStandard.insert(InsertCoordinatorStandard.java:96) ~[hibernate-core-7.4.1.Final.jar:7.4.1.Final]
	at org.hibernate.action.internal.EntityInsertAction.execute(EntityInsertAction.java:108) ~[hibernate-core-7.4.1.Final.jar:7.4.1.Final]
	at org.hibernate.engine.spi.ActionQueue.executeActions(ActionQueue.java:634) ~[hibernate-core-7.4.1.Final.jar:7.4.1.Final]
	at org.hibernate.engine.spi.ActionQueue.executeActions(ActionQueue.java:505) ~[hibernate-core-7.4.1.Final.jar:7.4.1.Final]
	at org.hibernate.event.internal.AbstractFlushingEventListener.performExecutions(AbstractFlushingEventListener.java:381) ~[hibernate-core-7.4.1.Final.jar:7.4.1.Final]
	at org.hibernate.event.internal.DefaultFlushEventListener.onFlush(DefaultFlushEventListener.java:40) ~[hibernate-core-7.4.1.Final.jar:7.4.1.Final]
	at org.hibernate.event.service.internal.EventListenerGroupImpl.fireEventOnEachListener(EventListenerGroupImpl.java:138) ~[hibernate-core-7.4.1.Final.jar:7.4.1.Final]
	at org.hibernate.internal.SessionImpl.fireFlush(SessionImpl.java:1458) ~[hibernate-core-7.4.1.Final.jar:7.4.1.Final]
	at org.hibernate.internal.SessionImpl.managedFlush(SessionImpl.java:484) ~[hibernate-core-7.4.1.Final.jar:7.4.1.Final]
	at org.hibernate.internal.SessionImpl.flushBeforeTransactionCompletion(SessionImpl.java:2086) ~[hibernate-core-7.4.1.Final.jar:7.4.1.Final]
	at org.hibernate.internal.SessionImpl.beforeTransactionCompletion(SessionImpl.java:2007) ~[hibernate-core-7.4.1.Final.jar:7.4.1.Final]
	at org.hibernate.engine.jdbc.internal.JdbcCoordinatorImpl.beforeTransactionCompletion(JdbcCoordinatorImpl.java:426) ~[hibernate-core-7.4.1.Final.jar:7.4.1.Final]
	at org.hibernate.resource.transaction.backend.jdbc.internal.JdbcResourceLocalTransactionCoordinatorImpl.beforeCompletionCallback(JdbcResourceLocalTransactionCoordinatorImpl.java:167) ~[hibernate-core-7.4.1.Final.jar:7.4.1.Final]
	at org.hibernate.resource.transaction.backend.jdbc.internal.JdbcResourceLocalTransactionCoordinatorImpl$TransactionDriverControlImpl.commitNoRollbackOnly(JdbcResourceLocalTransactionCoordinatorImpl.java:252) ~[hibernate-core-7.4.1.Final.jar:7.4.1.Final]
	at org.hibernate.resource.transaction.backend.jdbc.internal.JdbcResourceLocalTransactionCoordinatorImpl$TransactionDriverControlImpl.commit(JdbcResourceLocalTransactionCoordinatorImpl.java:242) ~[hibernate-core-7.4.1.Final.jar:7.4.1.Final]
	at org.hibernate.engine.transaction.internal.TransactionImpl.commit(TransactionImpl.java:89) ~[hibernate-core-7.4.1.Final.jar:7.4.1.Final]
	at org.springframework.orm.jpa.JpaTransactionManager.doCommit(JpaTransactionManager.java:552) ~[spring-orm-7.0.8.jar:7.0.8]
	... 24 common frames omitted
Caused by: java.sql.SQLIntegrityConstraintViolationException: Column 'employee_uuid' cannot be null
	at com.mysql.cj.jdbc.exceptions.SQLError.createSQLException(SQLError.java:109) ~[mysql-connector-j-9.7.0.jar:9.7.0]
	at com.mysql.cj.jdbc.exceptions.SQLExceptionsMapping.translateException(SQLExceptionsMapping.java:114) ~[mysql-connector-j-9.7.0.jar:9.7.0]
	at com.mysql.cj.jdbc.ClientPreparedStatement.executeInternal(ClientPreparedStatement.java:988) ~[mysql-connector-j-9.7.0.jar:9.7.0]
	at com.mysql.cj.jdbc.ClientPreparedStatement.executeUpdateInternal(ClientPreparedStatement.java:1166) ~[mysql-connector-j-9.7.0.jar:9.7.0]
	at com.mysql.cj.jdbc.ClientPreparedStatement.executeUpdateInternal(ClientPreparedStatement.java:1101) ~[mysql-connector-j-9.7.0.jar:9.7.0]
	at com.mysql.cj.jdbc.ClientPreparedStatement.executeLargeUpdate(ClientPreparedStatement.java:1448) ~[mysql-connector-j-9.7.0.jar:9.7.0]
	at com.mysql.cj.jdbc.ClientPreparedStatement.executeUpdate(ClientPreparedStatement.java:1084) ~[mysql-connector-j-9.7.0.jar:9.7.0]
	at com.zaxxer.hikari.pool.ProxyPreparedStatement.executeUpdate(ProxyPreparedStatement.java:61) ~[HikariCP-7.0.2.jar:na]
	at com.zaxxer.hikari.pool.HikariProxyPreparedStatement.executeUpdate(HikariProxyPreparedStatement.java) ~[HikariCP-7.0.2.jar:na]
	at org.hibernate.engine.jdbc.internal.ResultSetReturnImpl.executeUpdate(ResultSetReturnImpl.java:185) ~[hibernate-core-7.4.1.Final.jar:7.4.1.Final]
	... 47 common frames omitted

2026-07-29T19:00:00.288+05:30  INFO 49044 --- [expense-management-service] [   scheduling-1] c.e.scheduler.EscalationScheduler        : Starting scheduled SLA escalation sweep
2026-07-29T19:00:01.747+05:30 DEBUG 49044 --- [expense-management-service] [   scheduling-1] org.hibernate.SQL                        : 
    select
        at1_0.task_id,
        at1_0.acted_by,
        at1_0.actioned_at,
        at1_0.approval_level,
        at1_0.approval_mode,
        at1_0.approver_id,
        at1_0.assigned_at,
        at1_0.comments,
        at1_0.created_at,
        at1_0.due_date,
        at1_0.group_id,
        at1_0.report_id,
        at1_0.submission_cycle,
        at1_0.task_status,
        at1_0.updated_at,
        at1_0.version 
    from
        approval_task at1_0 
    where
        at1_0.task_status=? 
        and at1_0.due_date<?
Hibernate: 
    select
        at1_0.task_id,
        at1_0.acted_by,
        at1_0.actioned_at,
        at1_0.approval_level,
        at1_0.approval_mode,
        at1_0.approver_id,
        at1_0.assigned_at,
        at1_0.comments,
        at1_0.created_at,
        at1_0.due_date,
        at1_0.group_id,
        at1_0.report_id,
        at1_0.submission_cycle,
        at1_0.task_status,
        at1_0.updated_at,
        at1_0.version 
    from
        approval_task at1_0 
    where
        at1_0.task_status=? 
        and at1_0.due_date<?
2026-07-29T19:00:01.783+05:30 TRACE 49044 --- [expense-management-service] [   scheduling-1] org.hibernate.orm.jdbc.bind              : binding parameter (1:ENUM) <- [PENDING]
2026-07-29T19:00:01.802+05:30 TRACE 49044 --- [expense-management-service] [   scheduling-1] org.hibernate.orm.jdbc.bind              : binding parameter (2:TIMESTAMP) <- [2026-07-29T19:00:00.714885300]
2026-07-29T19:00:02.418+05:30  INFO 49044 --- [expense-management-service] [   scheduling-1] c.e.service.impl.EscalationServiceImpl   : SLA escalation sweep finished: scanned=0, escalated=0, stalled=0
2026-07-29T19:00:02.604+05:30  INFO 49044 --- [expense-management-service] [   scheduling-1] c.e.scheduler.EscalationScheduler        : Scheduled SLA escalation sweep completed: EscalationRunResponse[overdueScanned=0, escalated=0, stalledNoTarget=0, executedAt=2026-07-29T19:00:00.714885300, note=No overdue approval tasks found.]
2026-07-29T19:00:02.988+05:30  INFO 49044 --- [expense-management-service] [   scheduling-1] c.e.scheduler.CdcRetryScheduler          : Starting scheduled CDC failure retry
2026-07-29T19:00:03.086+05:30 DEBUG 49044 --- [expense-management-service] [   scheduling-1] org.hibernate.SQL                        : 
    select
        cfl1_0.failure_id,
        cfl1_0.created_at,
        cfl1_0.employee_id,
        cfl1_0.employee_uuid,
        cfl1_0.error_message,
        cfl1_0.failure_type,
        cfl1_0.kafka_offset,
        cfl1_0.kafka_partition,
        cfl1_0.last_retried_at,
        cfl1_0.max_retries,
        cfl1_0.operation,
        cfl1_0.raw_payload,
        cfl1_0.resolved_at,
        cfl1_0.retry_count,
        cfl1_0.source_topic,
        cfl1_0.status 
    from
        cdc_failure_log cfl1_0 
    where
        cfl1_0.status in (?, ?) 
        and cfl1_0.retry_count<?
Hibernate: 
    select
        cfl1_0.failure_id,
        cfl1_0.created_at,
        cfl1_0.employee_id,
        cfl1_0.employee_uuid,
        cfl1_0.error_message,
        cfl1_0.failure_type,
        cfl1_0.kafka_offset,
        cfl1_0.kafka_partition,
        cfl1_0.last_retried_at,
        cfl1_0.max_retries,
        cfl1_0.operation,
        cfl1_0.raw_payload,
        cfl1_0.resolved_at,
        cfl1_0.retry_count,
        cfl1_0.source_topic,
        cfl1_0.status 
    from
        cdc_failure_log cfl1_0 
    where
        cfl1_0.status in (?, ?) 
        and cfl1_0.retry_count<?
2026-07-29T19:00:03.092+05:30 TRACE 49044 --- [expense-management-service] [   scheduling-1] org.hibernate.orm.jdbc.bind              : binding parameter (1:VARCHAR) <- [FAILED]
2026-07-29T19:00:03.094+05:30 TRACE 49044 --- [expense-management-service] [   scheduling-1] org.hibernate.orm.jdbc.bind              : binding parameter (2:VARCHAR) <- [RETRYING]
2026-07-29T19:00:03.095+05:30 TRACE 49044 --- [expense-management-service] [   scheduling-1] org.hibernate.orm.jdbc.bind              : binding parameter (3:INTEGER) <- [3]
2026-07-29T19:00:03.342+05:30 DEBUG 49044 --- [expense-management-service] [   scheduling-1] org.hibernate.SQL                        : 
    select
        ec1_0.cache_id,
        ec1_0.created_at,
        ec1_0.department_uuid,
        ec1_0.designation_uuid,
        ec1_0.employee_id,
        ec1_0.employee_uuid,
        ec1_0.employment_status,
        ec1_0.employment_type,
        ec1_0.first_name,
        ec1_0.joining_date,
        ec1_0.last_name,
        ec1_0.manager_employee_id,
        ec1_0.synced_at,
        ec1_0.updated_at,
        ec1_0.work_email 
    from
        employee_cache ec1_0 
    where
        ec1_0.employee_uuid is null
Hibernate: 
    select
        ec1_0.cache_id,
        ec1_0.created_at,
        ec1_0.department_uuid,
        ec1_0.designation_uuid,
        ec1_0.employee_id,
        ec1_0.employee_uuid,
        ec1_0.employment_status,
        ec1_0.employment_type,
        ec1_0.first_name,
        ec1_0.joining_date,
        ec1_0.last_name,
        ec1_0.manager_employee_id,
        ec1_0.synced_at,
        ec1_0.updated_at,
        ec1_0.work_email 
    from
        employee_cache ec1_0 
    where
        ec1_0.employee_uuid is null
2026-07-29T19:00:03.419+05:30  INFO 49044 --- [expense-management-service] [   scheduling-1] c.e.consumer.EmployeeCdcConsumer         : Upserted employee cache row: employeeId=5100199 employeeUuid=null status=null
2026-07-29T19:00:03.425+05:30  INFO 49044 --- [expense-management-service] [   scheduling-1] c.e.s.impl.CdcFailureLogServiceImpl      : CDC failure 9022c5b8-4bb6-4286-b862-3ff8daa78651 resolved on retry
2026-07-29T19:00:03.427+05:30  INFO 49044 --- [expense-management-service] [   scheduling-1] c.e.service.impl.CdcRetryServiceImpl     : CDC retry run finished: attempted=1, succeeded=1, failed=0
2026-07-29T19:00:03.504+05:30 DEBUG 49044 --- [expense-management-service] [   scheduling-1] org.hibernate.SQL                        : 
    insert 
    into
        employee_cache
        (created_at, department_uuid, designation_uuid, employee_id, employee_uuid, employment_status, employment_type, first_name, joining_date, last_name, manager_employee_id, synced_at, updated_at, work_email, cache_id) 
    values
        (?, ?, ?, ?, ?, ?, ?, ?, ?, ?, ?, ?, ?, ?, ?)
Hibernate: 
    insert 
    into
        employee_cache
        (created_at, department_uuid, designation_uuid, employee_id, employee_uuid, employment_status, employment_type, first_name, joining_date, last_name, manager_employee_id, synced_at, updated_at, work_email, cache_id) 
    values
        (?, ?, ?, ?, ?, ?, ?, ?, ?, ?, ?, ?, ?, ?, ?)
2026-07-29T19:00:03.585+05:30 TRACE 49044 --- [expense-management-service] [   scheduling-1] org.hibernate.orm.jdbc.bind              : binding parameter (1:TIMESTAMP) <- [2026-07-29T19:00:03.492033]
2026-07-29T19:00:03.588+05:30 TRACE 49044 --- [expense-management-service] [   scheduling-1] org.hibernate.orm.jdbc.bind              : binding parameter (2:VARCHAR) <- [null]
2026-07-29T19:00:03.590+05:30 TRACE 49044 --- [expense-management-service] [   scheduling-1] org.hibernate.orm.jdbc.bind              : binding parameter (3:VARCHAR) <- [null]
2026-07-29T19:00:03.591+05:30 TRACE 49044 --- [expense-management-service] [   scheduling-1] org.hibernate.orm.jdbc.bind              : binding parameter (4:VARCHAR) <- [5100199]
2026-07-29T19:00:03.592+05:30 TRACE 49044 --- [expense-management-service] [   scheduling-1] org.hibernate.orm.jdbc.bind              : binding parameter (5:VARCHAR) <- [null]
2026-07-29T19:00:03.592+05:30 TRACE 49044 --- [expense-management-service] [   scheduling-1] org.hibernate.orm.jdbc.bind              : binding parameter (6:VARCHAR) <- [null]
2026-07-29T19:00:03.593+05:30 TRACE 49044 --- [expense-management-service] [   scheduling-1] org.hibernate.orm.jdbc.bind              : binding parameter (7:VARCHAR) <- [null]
2026-07-29T19:00:03.595+05:30 TRACE 49044 --- [expense-management-service] [   scheduling-1] org.hibernate.orm.jdbc.bind              : binding parameter (8:VARCHAR) <- [null]
2026-07-29T19:00:03.595+05:30 TRACE 49044 --- [expense-management-service] [   scheduling-1] org.hibernate.orm.jdbc.bind              : binding parameter (9:DATE) <- [null]
2026-07-29T19:00:03.597+05:30 TRACE 49044 --- [expense-management-service] [   scheduling-1] org.hibernate.orm.jdbc.bind              : binding parameter (10:VARCHAR) <- [null]
2026-07-29T19:00:03.598+05:30 TRACE 49044 --- [expense-management-service] [   scheduling-1] org.hibernate.orm.jdbc.bind              : binding parameter (11:VARCHAR) <- [null]
2026-07-29T19:00:03.599+05:30 TRACE 49044 --- [expense-management-service] [   scheduling-1] org.hibernate.orm.jdbc.bind              : binding parameter (12:TIMESTAMP) <- [2026-07-29T19:00:03.406018800]
2026-07-29T19:00:03.601+05:30 TRACE 49044 --- [expense-management-service] [   scheduling-1] org.hibernate.orm.jdbc.bind              : binding parameter (13:TIMESTAMP) <- [2026-07-29T19:00:03.493043]
2026-07-29T19:00:03.602+05:30 TRACE 49044 --- [expense-management-service] [   scheduling-1] org.hibernate.orm.jdbc.bind              : binding parameter (14:VARCHAR) <- [null]
2026-07-29T19:00:03.604+05:30 TRACE 49044 --- [expense-management-service] [   scheduling-1] org.hibernate.orm.jdbc.bind              : binding parameter (15:UUID) <- [7fb594ac-1d92-4b53-9250-6a5b505b9300]
2026-07-29T19:00:03.662+05:30  WARN 49044 --- [expense-management-service] [   scheduling-1] org.hibernate.orm.jdbc.error             : HHH000247: ErrorCode: 1048, SQLState: 23000
2026-07-29T19:00:03.664+05:30  WARN 49044 --- [expense-management-service] [   scheduling-1] org.hibernate.orm.jdbc.error             : Column 'employee_uuid' cannot be null
2026-07-29T19:00:03.765+05:30 ERROR 49044 --- [expense-management-service] [   scheduling-1] o.s.s.s.TaskUtils$LoggingErrorHandler    : Unexpected error occurred in scheduled task

org.springframework.dao.DataIntegrityViolationException: could not execute statement [Column 'employee_uuid' cannot be null] [insert into employee_cache (created_at,department_uuid,designation_uuid,employee_id,employee_uuid,employment_status,employment_type,first_name,joining_date,last_name,manager_employee_id,synced_at,updated_at,work_email,cache_id) values (?,?,?,?,?,?,?,?,?,?,?,?,?,?,?)]; SQL [insert into employee_cache (created_at,department_uuid,designation_uuid,employee_id,employee_uuid,employment_status,employment_type,first_name,joining_date,last_name,manager_employee_id,synced_at,updated_at,work_email,cache_id) values (?,?,?,?,?,?,?,?,?,?,?,?,?,?,?)]; constraint [employee_uuid]
	at org.springframework.orm.jpa.hibernate.HibernateExceptionTranslator.convertHibernateAccessException(HibernateExceptionTranslator.java:169) ~[spring-orm-7.0.8.jar:7.0.8]
	at org.springframework.orm.jpa.hibernate.HibernateExceptionTranslator.convertHibernateAccessException(HibernateExceptionTranslator.java:131) ~[spring-orm-7.0.8.jar:7.0.8]
	at org.springframework.orm.jpa.hibernate.HibernateExceptionTranslator.translateExceptionIfPossible(HibernateExceptionTranslator.java:105) ~[spring-orm-7.0.8.jar:7.0.8]
	at org.springframework.orm.jpa.vendor.HibernateJpaDialect.translateExceptionIfPossible(HibernateJpaDialect.java:223) ~[spring-orm-7.0.8.jar:7.0.8]
	at org.springframework.orm.jpa.JpaTransactionManager.doCommit(JpaTransactionManager.java:556) ~[spring-orm-7.0.8.jar:7.0.8]
	at org.springframework.transaction.support.AbstractPlatformTransactionManager.processCommit(AbstractPlatformTransactionManager.java:794) ~[spring-tx-7.0.8.jar:7.0.8]
	at org.springframework.transaction.support.AbstractPlatformTransactionManager.commit(AbstractPlatformTransactionManager.java:757) ~[spring-tx-7.0.8.jar:7.0.8]
	at org.springframework.transaction.interceptor.TransactionAspectSupport.commitTransactionAfterReturning(TransactionAspectSupport.java:687) ~[spring-tx-7.0.8.jar:7.0.8]
	at org.springframework.transaction.interceptor.TransactionAspectSupport.invokeWithinTransaction(TransactionAspectSupport.java:408) ~[spring-tx-7.0.8.jar:7.0.8]
	at org.springframework.transaction.interceptor.TransactionInterceptor.invoke(TransactionInterceptor.java:130) ~[spring-tx-7.0.8.jar:7.0.8]
	at org.springframework.aop.framework.ReflectiveMethodInvocation.proceed(ReflectiveMethodInvocation.java:179) ~[spring-aop-7.0.8.jar:7.0.8]
	at org.springframework.aop.framework.CglibAopProxy$DynamicAdvisedInterceptor.intercept(CglibAopProxy.java:719) ~[spring-aop-7.0.8.jar:7.0.8]
	at com.expense_management_service.service.impl.CdcRetryServiceImpl$$SpringCGLIB$$0.retryFailedEvents(<generated>) ~[classes/:na]
	at com.expense_management_service.scheduler.CdcRetryScheduler.retry(CdcRetryScheduler.java:30) ~[classes/:na]
	at java.base/jdk.internal.reflect.DirectMethodHandleAccessor.invoke(DirectMethodHandleAccessor.java:104) ~[na:na]
	at java.base/java.lang.reflect.Method.invoke(Method.java:565) ~[na:na]
	at org.springframework.scheduling.support.ScheduledMethodRunnable.runInternal(ScheduledMethodRunnable.java:128) ~[spring-context-7.0.8.jar:7.0.8]
	at org.springframework.scheduling.support.ScheduledMethodRunnable.lambda$run$1(ScheduledMethodRunnable.java:122) ~[spring-context-7.0.8.jar:7.0.8]
	at io.micrometer.observation.Observation.observe(Observation.java:569) ~[micrometer-observation-1.17.0.jar:1.17.0]
	at org.springframework.scheduling.support.ScheduledMethodRunnable.run(ScheduledMethodRunnable.java:122) ~[spring-context-7.0.8.jar:7.0.8]
	at org.springframework.scheduling.config.Task$OutcomeTrackingRunnable.run(Task.java:88) ~[spring-context-7.0.8.jar:7.0.8]
	at org.springframework.scheduling.support.DelegatingErrorHandlingRunnable.run(DelegatingErrorHandlingRunnable.java:54) ~[spring-context-7.0.8.jar:7.0.8]
	at org.springframework.scheduling.concurrent.ReschedulingRunnable.run(ReschedulingRunnable.java:94) ~[spring-context-7.0.8.jar:7.0.8]
	at java.base/java.util.concurrent.Executors$RunnableAdapter.call(Executors.java:545) ~[na:na]
	at java.base/java.util.concurrent.FutureTask.run(FutureTask.java:328) ~[na:na]
	at java.base/java.util.concurrent.ScheduledThreadPoolExecutor$ScheduledFutureTask.run(ScheduledThreadPoolExecutor.java:309) ~[na:na]
	at java.base/java.util.concurrent.ThreadPoolExecutor.runWorker(ThreadPoolExecutor.java:1095) ~[na:na]
	at java.base/java.util.concurrent.ThreadPoolExecutor$Worker.run(ThreadPoolExecutor.java:619) ~[na:na]
	at java.base/java.lang.Thread.run(Thread.java:1447) ~[na:na]
Caused by: org.hibernate.exception.ConstraintViolationException: could not execute statement [Column 'employee_uuid' cannot be null] [insert into employee_cache (created_at,department_uuid,designation_uuid,employee_id,employee_uuid,employment_status,employment_type,first_name,joining_date,last_name,manager_employee_id,synced_at,updated_at,work_email,cache_id) values (?,?,?,?,?,?,?,?,?,?,?,?,?,?,?)]
	at org.hibernate.dialect.MySQLDialect.lambda$buildSQLExceptionConversionDelegate$0(MySQLDialect.java:1291) ~[hibernate-core-7.4.1.Final.jar:7.4.1.Final]
	at org.hibernate.exception.internal.StandardSQLExceptionConverter.convert(StandardSQLExceptionConverter.java:34) ~[hibernate-core-7.4.1.Final.jar:7.4.1.Final]
	at org.hibernate.engine.jdbc.spi.SqlExceptionHelper.convert(SqlExceptionHelper.java:115) ~[hibernate-core-7.4.1.Final.jar:7.4.1.Final]
	at org.hibernate.engine.jdbc.internal.ResultSetReturnImpl.executeUpdate(ResultSetReturnImpl.java:189) ~[hibernate-core-7.4.1.Final.jar:7.4.1.Final]
	at org.hibernate.engine.jdbc.mutation.internal.AbstractMutationExecutor.performNonBatchedMutation(AbstractMutationExecutor.java:145) ~[hibernate-core-7.4.1.Final.jar:7.4.1.Final]
	at org.hibernate.engine.jdbc.mutation.internal.MutationExecutorSingleNonBatched.performNonBatchedOperations(MutationExecutorSingleNonBatched.java:53) ~[hibernate-core-7.4.1.Final.jar:7.4.1.Final]
	at org.hibernate.engine.jdbc.mutation.internal.AbstractMutationExecutor.execute(AbstractMutationExecutor.java:65) ~[hibernate-core-7.4.1.Final.jar:7.4.1.Final]
	at org.hibernate.engine.jdbc.mutation.internal.AbstractMutationExecutor.execute(AbstractMutationExecutor.java:54) ~[hibernate-core-7.4.1.Final.jar:7.4.1.Final]
	at org.hibernate.persister.entity.mutation.InsertCoordinatorStandard.doStaticInserts(InsertCoordinatorStandard.java:183) ~[hibernate-core-7.4.1.Final.jar:7.4.1.Final]
	at org.hibernate.persister.entity.mutation.InsertCoordinatorStandard.coordinateInsert(InsertCoordinatorStandard.java:123) ~[hibernate-core-7.4.1.Final.jar:7.4.1.Final]
	at org.hibernate.persister.entity.mutation.InsertCoordinatorStandard.insert(InsertCoordinatorStandard.java:96) ~[hibernate-core-7.4.1.Final.jar:7.4.1.Final]
	at org.hibernate.action.internal.EntityInsertAction.execute(EntityInsertAction.java:108) ~[hibernate-core-7.4.1.Final.jar:7.4.1.Final]
	at org.hibernate.engine.spi.ActionQueue.executeActions(ActionQueue.java:634) ~[hibernate-core-7.4.1.Final.jar:7.4.1.Final]
	at org.hibernate.engine.spi.ActionQueue.executeActions(ActionQueue.java:505) ~[hibernate-core-7.4.1.Final.jar:7.4.1.Final]
	at org.hibernate.event.internal.AbstractFlushingEventListener.performExecutions(AbstractFlushingEventListener.java:381) ~[hibernate-core-7.4.1.Final.jar:7.4.1.Final]
	at org.hibernate.event.internal.DefaultFlushEventListener.onFlush(DefaultFlushEventListener.java:40) ~[hibernate-core-7.4.1.Final.jar:7.4.1.Final]
	at org.hibernate.event.service.internal.EventListenerGroupImpl.fireEventOnEachListener(EventListenerGroupImpl.java:138) ~[hibernate-core-7.4.1.Final.jar:7.4.1.Final]
	at org.hibernate.internal.SessionImpl.fireFlush(SessionImpl.java:1458) ~[hibernate-core-7.4.1.Final.jar:7.4.1.Final]
	at org.hibernate.internal.SessionImpl.managedFlush(SessionImpl.java:484) ~[hibernate-core-7.4.1.Final.jar:7.4.1.Final]
	at org.hibernate.internal.SessionImpl.flushBeforeTransactionCompletion(SessionImpl.java:2086) ~[hibernate-core-7.4.1.Final.jar:7.4.1.Final]
	at org.hibernate.internal.SessionImpl.beforeTransactionCompletion(SessionImpl.java:2007) ~[hibernate-core-7.4.1.Final.jar:7.4.1.Final]
	at org.hibernate.engine.jdbc.internal.JdbcCoordinatorImpl.beforeTransactionCompletion(JdbcCoordinatorImpl.java:426) ~[hibernate-core-7.4.1.Final.jar:7.4.1.Final]
	at org.hibernate.resource.transaction.backend.jdbc.internal.JdbcResourceLocalTransactionCoordinatorImpl.beforeCompletionCallback(JdbcResourceLocalTransactionCoordinatorImpl.java:167) ~[hibernate-core-7.4.1.Final.jar:7.4.1.Final]
	at org.hibernate.resource.transaction.backend.jdbc.internal.JdbcResourceLocalTransactionCoordinatorImpl$TransactionDriverControlImpl.commitNoRollbackOnly(JdbcResourceLocalTransactionCoordinatorImpl.java:252) ~[hibernate-core-7.4.1.Final.jar:7.4.1.Final]
	at org.hibernate.resource.transaction.backend.jdbc.internal.JdbcResourceLocalTransactionCoordinatorImpl$TransactionDriverControlImpl.commit(JdbcResourceLocalTransactionCoordinatorImpl.java:242) ~[hibernate-core-7.4.1.Final.jar:7.4.1.Final]
	at org.hibernate.engine.transaction.internal.TransactionImpl.commit(TransactionImpl.java:89) ~[hibernate-core-7.4.1.Final.jar:7.4.1.Final]
	at org.springframework.orm.jpa.JpaTransactionManager.doCommit(JpaTransactionManager.java:552) ~[spring-orm-7.0.8.jar:7.0.8]
	... 24 common frames omitted
Caused by: java.sql.SQLIntegrityConstraintViolationException: Column 'employee_uuid' cannot be null
	at com.mysql.cj.jdbc.exceptions.SQLError.createSQLException(SQLError.java:109) ~[mysql-connector-j-9.7.0.jar:9.7.0]
	at com.mysql.cj.jdbc.exceptions.SQLExceptionsMapping.translateException(SQLExceptionsMapping.java:114) ~[mysql-connector-j-9.7.0.jar:9.7.0]
	at com.mysql.cj.jdbc.ClientPreparedStatement.executeInternal(ClientPreparedStatement.java:988) ~[mysql-connector-j-9.7.0.jar:9.7.0]
	at com.mysql.cj.jdbc.ClientPreparedStatement.executeUpdateInternal(ClientPreparedStatement.java:1166) ~[mysql-connector-j-9.7.0.jar:9.7.0]
	at com.mysql.cj.jdbc.ClientPreparedStatement.executeUpdateInternal(ClientPreparedStatement.java:1101) ~[mysql-connector-j-9.7.0.jar:9.7.0]
	at com.mysql.cj.jdbc.ClientPreparedStatement.executeLargeUpdate(ClientPreparedStatement.java:1448) ~[mysql-connector-j-9.7.0.jar:9.7.0]
	at com.mysql.cj.jdbc.ClientPreparedStatement.executeUpdate(ClientPreparedStatement.java:1084) ~[mysql-connector-j-9.7.0.jar:9.7.0]
	at com.zaxxer.hikari.pool.ProxyPreparedStatement.executeUpdate(ProxyPreparedStatement.java:61) ~[HikariCP-7.0.2.jar:na]
	at com.zaxxer.hikari.pool.HikariProxyPreparedStatement.executeUpdate(HikariProxyPreparedStatement.java) ~[HikariCP-7.0.2.jar:na]
	at org.hibernate.engine.jdbc.internal.ResultSetReturnImpl.executeUpdate(ResultSetReturnImpl.java:185) ~[hibernate-core-7.4.1.Final.jar:7.4.1.Final]
	... 47 common frames omitted

2026-07-29T19:05:38.097+05:30  INFO 49044 --- [expense-management-service] [   File Watcher] rtingClassPathChangeChangedEventListener : Restarting due to 329 class path changes (0 additions, 329 deletions, 0 modifications)
2026-07-29T19:05:45.422+05:30  INFO 49044 --- [expense-management-service] [ntainer#0-0-C-1] k.c.c.i.ConsumerRebalanceListenerInvoker : [Consumer clientId=consumer-xms-employee-consumer-1, groupId=xms-employee-consumer] Revoke previously assigned partitions [eos_dev.eos.employee_details-0]
2026-07-29T19:05:45.441+05:30  INFO 49044 --- [expense-management-service] [ntainer#0-0-C-1] o.s.k.l.KafkaMessageListenerContainer    : xms-employee-consumer: partitions revoked: [eos_dev.eos.employee_details-0]
2026-07-29T19:05:45.518+05:30  INFO 49044 --- [expense-management-service] [ntainer#0-0-C-1] o.a.k.c.c.internals.ConsumerCoordinator  : [Consumer clientId=consumer-xms-employee-consumer-1, groupId=xms-employee-consumer] Member consumer-xms-employee-consumer-1-11628046-9b23-4c71-81d4-1bccd8b02aef sending LeaveGroup request to coordinator localhost:19092 (id: 2147483647 rack: null isFenced: false) due to the consumer unsubscribed from all topics
2026-07-29T19:05:45.558+05:30  INFO 49044 --- [expense-management-service] [ntainer#0-0-C-1] o.a.k.c.c.internals.ConsumerCoordinator  : [Consumer clientId=consumer-xms-employee-consumer-1, groupId=xms-employee-consumer] Resetting generation and member id due to: consumer pro-actively leaving the group
2026-07-29T19:05:45.559+05:30  INFO 49044 --- [expense-management-service] [ntainer#0-0-C-1] o.a.k.c.c.internals.ConsumerCoordinator  : [Consumer clientId=consumer-xms-employee-consumer-1, groupId=xms-employee-consumer] Request joining group due to: consumer pro-actively leaving the group
2026-07-29T19:05:45.561+05:30  INFO 49044 --- [expense-management-service] [ntainer#0-0-C-1] o.a.k.c.c.i.ClassicKafkaConsumer         : [Consumer clientId=consumer-xms-employee-consumer-1, groupId=xms-employee-consumer] Unsubscribed all topics or patterns and assigned partitions
2026-07-29T19:05:45.941+05:30  INFO 49044 --- [expense-management-service] [ntainer#0-0-C-1] o.a.k.c.c.internals.ConsumerCoordinator  : [Consumer clientId=consumer-xms-employee-consumer-1, groupId=xms-employee-consumer] Resetting generation and member id due to: consumer pro-actively leaving the group
2026-07-29T19:05:46.277+05:30  INFO 49044 --- [expense-management-service] [ntainer#0-0-C-1] o.a.k.c.c.internals.ConsumerCoordinator  : [Consumer clientId=consumer-xms-employee-consumer-1, groupId=xms-employee-consumer] Request joining group due to: consumer pro-actively leaving the group
2026-07-29T19:05:48.799+05:30  INFO 49044 --- [expense-management-service] [ntainer#0-0-C-1] o.apache.kafka.common.metrics.Metrics    : Metrics scheduler closed
2026-07-29T19:05:48.812+05:30  INFO 49044 --- [expense-management-service] [ntainer#0-0-C-1] o.apache.kafka.common.metrics.Metrics    : Closing reporter org.apache.kafka.common.metrics.JmxReporter
2026-07-29T19:05:48.817+05:30  INFO 49044 --- [expense-management-service] [ntainer#0-0-C-1] o.apache.kafka.common.metrics.Metrics    : Closing reporter org.apache.kafka.common.telemetry.internals.ClientTelemetryReporter
2026-07-29T19:05:48.822+05:30  INFO 49044 --- [expense-management-service] [ntainer#0-0-C-1] o.apache.kafka.common.metrics.Metrics    : Metrics reporters closed
2026-07-29T19:05:49.858+05:30  INFO 49044 --- [expense-management-service] [ntainer#0-0-C-1] o.a.kafka.common.utils.AppInfoParser     : App info kafka.consumer for consumer-xms-employee-consumer-1 unregistered
2026-07-29T19:05:49.885+05:30  INFO 49044 --- [expense-management-service] [ntainer#0-0-C-1] o.s.k.l.KafkaMessageListenerContainer    : xms-employee-consumer: Consumer stopped
2026-07-29T19:05:50.229+05:30  INFO 49044 --- [expense-management-service] [       Thread-1] o.s.boot.tomcat.GracefulShutdown         : Commencing graceful shutdown. Waiting for active requests to complete
2026-07-29T19:05:53.672+05:30  INFO 49044 --- [expense-management-service] [tomcat-shutdown] o.s.boot.tomcat.GracefulShutdown         : Graceful shutdown complete
2026-07-29T19:05:57.754+05:30  INFO 49044 --- [expense-management-service] [       Thread-1] j.LocalContainerEntityManagerFactoryBean : Closing JPA EntityManagerFactory for persistence unit 'default'
2026-07-29T19:05:58.142+05:30  INFO 49044 --- [expense-management-service] [       Thread-1] com.zaxxer.hikari.HikariDataSource       : ExpenseManagementPool - Shutdown initiated...
2026-07-29T19:05:58.233+05:30  INFO 49044 --- [expense-management-service] [       Thread-1] com.zaxxer.hikari.HikariDataSource       : ExpenseManagementPool - Shutdown completed.

  .   ____          _            __ _ _
 /\\ / ___'_ __ _ _(_)_ __  __ _ \ \ \ \
( ( )\___ | '_ | '_| | '_ \/ _` | \ \ \ \
 \\/  ___)| |_)| | | | | || (_| |  ) ) ) )
  '  |____| .__|_| |_|_| |_\__, | / / / /
 =========|_|==============|___/=/_/_/_/

 :: Spring Boot ::                (v4.1.0)

2026-07-29T19:06:05.533+05:30  INFO 49044 --- [expense-management-service] [  restartedMain] m.p.springdotenv.DotenvPropertySource    : Initialized Dotenv with DotenvConfig[enabled=true, directory=null, filename=.env, ignoreIfMalformed=false, ignoreIfMissing=true, exportToSystemProperties=false]
2026-07-29T19:06:05.644+05:30  INFO 49044 --- [expense-management-service] [  restartedMain] c.e.ExpenseManagementServiceApplication  : Starting ExpenseManagementServiceApplication using Java 24.0.1 with PID 49044 (C:\Users\Ajaykumar.Korada\Desktop\intranet\intranet-be\EMS\Expense_Management_Service\target\classes started by Ajaykumar.Korada in C:\Users\Ajaykumar.Korada\Desktop\intranet\intranet-be\EMS\Expense_Management_Service)
2026-07-29T19:06:05.656+05:30 DEBUG 49044 --- [expense-management-service] [  restartedMain] c.e.ExpenseManagementServiceApplication  : Running with Spring Boot v4.1.0, Spring v7.0.8
2026-07-29T19:06:05.657+05:30  INFO 49044 --- [expense-management-service] [  restartedMain] c.e.ExpenseManagementServiceApplication  : No active profile set, falling back to 1 default profile: "default"
2026-07-29T19:06:23.425+05:30  INFO 49044 --- [expense-management-service] [  restartedMain] .s.d.r.c.RepositoryConfigurationDelegate : Multiple Spring Data modules found, entering strict repository configuration mode
2026-07-29T19:06:23.473+05:30  INFO 49044 --- [expense-management-service] [  restartedMain] .s.d.r.c.RepositoryConfigurationDelegate : Bootstrapping Spring Data JPA repositories in DEFAULT mode.
2026-07-29T19:06:25.193+05:30  INFO 49044 --- [expense-management-service] [  restartedMain] .s.d.r.c.RepositoryConfigurationDelegate : Finished Spring Data repository scanning in 1683 ms. Found 28 JPA repository interfaces.
2026-07-29T19:06:25.275+05:30  INFO 49044 --- [expense-management-service] [  restartedMain] .s.d.r.c.RepositoryConfigurationDelegate : Multiple Spring Data modules found, entering strict repository configuration mode
2026-07-29T19:06:25.277+05:30  INFO 49044 --- [expense-management-service] [  restartedMain] .s.d.r.c.RepositoryConfigurationDelegate : Bootstrapping Spring Data Redis repositories in DEFAULT mode.
2026-07-29T19:06:25.334+05:30  INFO 49044 --- [expense-management-service] [  restartedMain] .RepositoryConfigurationExtensionSupport : Spring Data Redis - Could not safely identify store assignment for repository candidate interface com.expense_management_service.repository.ApprovalDelegationRepository; If you want this repository to be a Redis repository, consider annotating your entities with one of these annotations: org.springframework.data.redis.core.RedisHash (preferred), or consider extending one of the following types with your repository: org.springframework.data.keyvalue.repository.KeyValueRepository
2026-07-29T19:06:25.336+05:30  INFO 49044 --- [expense-management-service] [  restartedMain] .RepositoryConfigurationExtensionSupport : Spring Data Redis - Could not safely identify store assignment for repository candidate interface com.expense_management_service.repository.ApprovalMatrixRepository; If you want this repository to be a Redis repository, consider annotating your entities with one of these annotations: org.springframework.data.redis.core.RedisHash (preferred), or consider extending one of the following types with your repository: org.springframework.data.keyvalue.repository.KeyValueRepository
2026-07-29T19:06:25.337+05:30  INFO 49044 --- [expense-management-service] [  restartedMain] .RepositoryConfigurationExtensionSupport : Spring Data Redis - Could not safely identify store assignment for repository candidate interface com.expense_management_service.repository.ApprovalTaskRepository; If you want this repository to be a Redis repository, consider annotating your entities with one of these annotations: org.springframework.data.redis.core.RedisHash (preferred), or consider extending one of the following types with your repository: org.springframework.data.keyvalue.repository.KeyValueRepository
2026-07-29T19:06:25.338+05:30  INFO 49044 --- [expense-management-service] [  restartedMain] .RepositoryConfigurationExtensionSupport : Spring Data Redis - Could not safely identify store assignment for repository candidate interface com.expense_management_service.repository.AuditLogRepository; If you want this repository to be a Redis repository, consider annotating your entities with one of these annotations: org.springframework.data.redis.core.RedisHash (preferred), or consider extending one of the following types with your repository: org.springframework.data.keyvalue.repository.KeyValueRepository
2026-07-29T19:06:25.340+05:30  INFO 49044 --- [expense-management-service] [  restartedMain] .RepositoryConfigurationExtensionSupport : Spring Data Redis - Could not safely identify store assignment for repository candidate interface com.expense_management_service.repository.CashAdvanceAdjustmentRepository; If you want this repository to be a Redis repository, consider annotating your entities with one of these annotations: org.springframework.data.redis.core.RedisHash (preferred), or consider extending one of the following types with your repository: org.springframework.data.keyvalue.repository.KeyValueRepository
2026-07-29T19:06:25.341+05:30  INFO 49044 --- [expense-management-service] [  restartedMain] .RepositoryConfigurationExtensionSupport : Spring Data Redis - Could not safely identify store assignment for repository candidate interface com.expense_management_service.repository.CashAdvanceRepository; If you want this repository to be a Redis repository, consider annotating your entities with one of these annotations: org.springframework.data.redis.core.RedisHash (preferred), or consider extending one of the following types with your repository: org.springframework.data.keyvalue.repository.KeyValueRepository
2026-07-29T19:06:25.344+05:30  INFO 49044 --- [expense-management-service] [  restartedMain] .RepositoryConfigurationExtensionSupport : Spring Data Redis - Could not safely identify store assignment for repository candidate interface com.expense_management_service.repository.CdcFailureLogRepository; If you want this repository to be a Redis repository, consider annotating your entities with one of these annotations: org.springframework.data.redis.core.RedisHash (preferred), or consider extending one of the following types with your repository: org.springframework.data.keyvalue.repository.KeyValueRepository
2026-07-29T19:06:25.346+05:30  INFO 49044 --- [expense-management-service] [  restartedMain] .RepositoryConfigurationExtensionSupport : Spring Data Redis - Could not safely identify store assignment for repository candidate interface com.expense_management_service.repository.CostAllocationRepository; If you want this repository to be a Redis repository, consider annotating your entities with one of these annotations: org.springframework.data.redis.core.RedisHash (preferred), or consider extending one of the following types with your repository: org.springframework.data.keyvalue.repository.KeyValueRepository
2026-07-29T19:06:25.348+05:30  INFO 49044 --- [expense-management-service] [  restartedMain] .RepositoryConfigurationExtensionSupport : Spring Data Redis - Could not safely identify store assignment for repository candidate interface com.expense_management_service.repository.CostCenterBudgetRepository; If you want this repository to be a Redis repository, consider annotating your entities with one of these annotations: org.springframework.data.redis.core.RedisHash (preferred), or consider extending one of the following types with your repository: org.springframework.data.keyvalue.repository.KeyValueRepository
2026-07-29T19:06:25.349+05:30  INFO 49044 --- [expense-management-service] [  restartedMain] .RepositoryConfigurationExtensionSupport : Spring Data Redis - Could not safely identify store assignment for repository candidate interface com.expense_management_service.repository.CostCenterRepository; If you want this repository to be a Redis repository, consider annotating your entities with one of these annotations: org.springframework.data.redis.core.RedisHash (preferred), or consider extending one of the following types with your repository: org.springframework.data.keyvalue.repository.KeyValueRepository
2026-07-29T19:06:25.351+05:30  INFO 49044 --- [expense-management-service] [  restartedMain] .RepositoryConfigurationExtensionSupport : Spring Data Redis - Could not safely identify store assignment for repository candidate interface com.expense_management_service.repository.CurrencyRepository; If you want this repository to be a Redis repository, consider annotating your entities with one of these annotations: org.springframework.data.redis.core.RedisHash (preferred), or consider extending one of the following types with your repository: org.springframework.data.keyvalue.repository.KeyValueRepository
2026-07-29T19:06:25.353+05:30  INFO 49044 --- [expense-management-service] [  restartedMain] .RepositoryConfigurationExtensionSupport : Spring Data Redis - Could not safely identify store assignment for repository candidate interface com.expense_management_service.repository.EmployeeCacheRepository; If you want this repository to be a Redis repository, consider annotating your entities with one of these annotations: org.springframework.data.redis.core.RedisHash (preferred), or consider extending one of the following types with your repository: org.springframework.data.keyvalue.repository.KeyValueRepository
2026-07-29T19:06:25.354+05:30  INFO 49044 --- [expense-management-service] [  restartedMain] .RepositoryConfigurationExtensionSupport : Spring Data Redis - Could not safely identify store assignment for repository candidate interface com.expense_management_service.repository.ExchangeRateRepository; If you want this repository to be a Redis repository, consider annotating your entities with one of these annotations: org.springframework.data.redis.core.RedisHash (preferred), or consider extending one of the following types with your repository: org.springframework.data.keyvalue.repository.KeyValueRepository
2026-07-29T19:06:25.356+05:30  INFO 49044 --- [expense-management-service] [  restartedMain] .RepositoryConfigurationExtensionSupport : Spring Data Redis - Could not safely identify store assignment for repository candidate interface com.expense_management_service.repository.ExpenseCategoryRepository; If you want this repository to be a Redis repository, consider annotating your entities with one of these annotations: org.springframework.data.redis.core.RedisHash (preferred), or consider extending one of the following types with your repository: org.springframework.data.keyvalue.repository.KeyValueRepository
2026-07-29T19:06:25.357+05:30  INFO 49044 --- [expense-management-service] [  restartedMain] .RepositoryConfigurationExtensionSupport : Spring Data Redis - Could not safely identify store assignment for repository candidate interface com.expense_management_service.repository.ExpenseLineItemRepository; If you want this repository to be a Redis repository, consider annotating your entities with one of these annotations: org.springframework.data.redis.core.RedisHash (preferred), or consider extending one of the following types with your repository: org.springframework.data.keyvalue.repository.KeyValueRepository
2026-07-29T19:06:25.358+05:30  INFO 49044 --- [expense-management-service] [  restartedMain] .RepositoryConfigurationExtensionSupport : Spring Data Redis - Could not safely identify store assignment for repository candidate interface com.expense_management_service.repository.ExpenseReportRepository; If you want this repository to be a Redis repository, consider annotating your entities with one of these annotations: org.springframework.data.redis.core.RedisHash (preferred), or consider extending one of the following types with your repository: org.springframework.data.keyvalue.repository.KeyValueRepository
2026-07-29T19:06:25.360+05:30  INFO 49044 --- [expense-management-service] [  restartedMain] .RepositoryConfigurationExtensionSupport : Spring Data Redis - Could not safely identify store assignment for repository candidate interface com.expense_management_service.repository.GlAccountRepository; If you want this repository to be a Redis repository, consider annotating your entities with one of these annotations: org.springframework.data.redis.core.RedisHash (preferred), or consider extending one of the following types with your repository: org.springframework.data.keyvalue.repository.KeyValueRepository
2026-07-29T19:06:25.361+05:30  INFO 49044 --- [expense-management-service] [  restartedMain] .RepositoryConfigurationExtensionSupport : Spring Data Redis - Could not safely identify store assignment for repository candidate interface com.expense_management_service.repository.IntegrationSyncRepository; If you want this repository to be a Redis repository, consider annotating your entities with one of these annotations: org.springframework.data.redis.core.RedisHash (preferred), or consider extending one of the following types with your repository: org.springframework.data.keyvalue.repository.KeyValueRepository
2026-07-29T19:06:25.363+05:30  INFO 49044 --- [expense-management-service] [  restartedMain] .RepositoryConfigurationExtensionSupport : Spring Data Redis - Could not safely identify store assignment for repository candidate interface com.expense_management_service.repository.InvoiceSyncRepository; If you want this repository to be a Redis repository, consider annotating your entities with one of these annotations: org.springframework.data.redis.core.RedisHash (preferred), or consider extending one of the following types with your repository: org.springframework.data.keyvalue.repository.KeyValueRepository
2026-07-29T19:06:25.364+05:30  INFO 49044 --- [expense-management-service] [  restartedMain] .RepositoryConfigurationExtensionSupport : Spring Data Redis - Could not safely identify store assignment for repository candidate interface com.expense_management_service.repository.NotificationRepository; If you want this repository to be a Redis repository, consider annotating your entities with one of these annotations: org.springframework.data.redis.core.RedisHash (preferred), or consider extending one of the following types with your repository: org.springframework.data.keyvalue.repository.KeyValueRepository
2026-07-29T19:06:25.365+05:30  INFO 49044 --- [expense-management-service] [  restartedMain] .RepositoryConfigurationExtensionSupport : Spring Data Redis - Could not safely identify store assignment for repository candidate interface com.expense_management_service.repository.PolicyRuleRepository; If you want this repository to be a Redis repository, consider annotating your entities with one of these annotations: org.springframework.data.redis.core.RedisHash (preferred), or consider extending one of the following types with your repository: org.springframework.data.keyvalue.repository.KeyValueRepository
2026-07-29T19:06:25.367+05:30  INFO 49044 --- [expense-management-service] [  restartedMain] .RepositoryConfigurationExtensionSupport : Spring Data Redis - Could not safely identify store assignment for repository candidate interface com.expense_management_service.repository.PolicyViolationRepository; If you want this repository to be a Redis repository, consider annotating your entities with one of these annotations: org.springframework.data.redis.core.RedisHash (preferred), or consider extending one of the following types with your repository: org.springframework.data.keyvalue.repository.KeyValueRepository
2026-07-29T19:06:25.368+05:30  INFO 49044 --- [expense-management-service] [  restartedMain] .RepositoryConfigurationExtensionSupport : Spring Data Redis - Could not safely identify store assignment for repository candidate interface com.expense_management_service.repository.ProjectCacheRepository; If you want this repository to be a Redis repository, consider annotating your entities with one of these annotations: org.springframework.data.redis.core.RedisHash (preferred), or consider extending one of the following types with your repository: org.springframework.data.keyvalue.repository.KeyValueRepository
2026-07-29T19:06:25.369+05:30  INFO 49044 --- [expense-management-service] [  restartedMain] .RepositoryConfigurationExtensionSupport : Spring Data Redis - Could not safely identify store assignment for repository candidate interface com.expense_management_service.repository.ReceiptOcrRepository; If you want this repository to be a Redis repository, consider annotating your entities with one of these annotations: org.springframework.data.redis.core.RedisHash (preferred), or consider extending one of the following types with your repository: org.springframework.data.keyvalue.repository.KeyValueRepository
2026-07-29T19:06:25.372+05:30  INFO 49044 --- [expense-management-service] [  restartedMain] .RepositoryConfigurationExtensionSupport : Spring Data Redis - Could not safely identify store assignment for repository candidate interface com.expense_management_service.repository.ReceiptRepository; If you want this repository to be a Redis repository, consider annotating your entities with one of these annotations: org.springframework.data.redis.core.RedisHash (preferred), or consider extending one of the following types with your repository: org.springframework.data.keyvalue.repository.KeyValueRepository
2026-07-29T19:06:25.372+05:30  INFO 49044 --- [expense-management-service] [  restartedMain] .RepositoryConfigurationExtensionSupport : Spring Data Redis - Could not safely identify store assignment for repository candidate interface com.expense_management_service.repository.SavedFilterRepository; If you want this repository to be a Redis repository, consider annotating your entities with one of these annotations: org.springframework.data.redis.core.RedisHash (preferred), or consider extending one of the following types with your repository: org.springframework.data.keyvalue.repository.KeyValueRepository
2026-07-29T19:06:25.374+05:30  INFO 49044 --- [expense-management-service] [  restartedMain] .RepositoryConfigurationExtensionSupport : Spring Data Redis - Could not safely identify store assignment for repository candidate interface com.expense_management_service.repository.SystemConfigurationRepository; If you want this repository to be a Redis repository, consider annotating your entities with one of these annotations: org.springframework.data.redis.core.RedisHash (preferred), or consider extending one of the following types with your repository: org.springframework.data.keyvalue.repository.KeyValueRepository
2026-07-29T19:06:25.375+05:30  INFO 49044 --- [expense-management-service] [  restartedMain] .RepositoryConfigurationExtensionSupport : Spring Data Redis - Could not safely identify store assignment for repository candidate interface com.expense_management_service.repository.VerificationQueryRepository; If you want this repository to be a Redis repository, consider annotating your entities with one of these annotations: org.springframework.data.redis.core.RedisHash (preferred), or consider extending one of the following types with your repository: org.springframework.data.keyvalue.repository.KeyValueRepository
2026-07-29T19:06:25.376+05:30  INFO 49044 --- [expense-management-service] [  restartedMain] .s.d.r.c.RepositoryConfigurationDelegate : Finished Spring Data repository scanning in 91 ms. Found 0 Redis repository interfaces.
2026-07-29T19:06:27.815+05:30  INFO 49044 --- [expense-management-service] [  restartedMain] o.s.boot.tomcat.TomcatWebServer          : Tomcat initialized with port 8080 (http)
2026-07-29T19:06:27.843+05:30  INFO 49044 --- [expense-management-service] [  restartedMain] o.apache.catalina.core.StandardService   : Starting service [Tomcat]
2026-07-29T19:06:27.844+05:30  INFO 49044 --- [expense-management-service] [  restartedMain] o.apache.catalina.core.StandardEngine    : Starting Servlet engine: [Apache Tomcat/11.0.22]
2026-07-29T19:06:28.300+05:30  INFO 49044 --- [expense-management-service] [  restartedMain] b.w.c.s.WebApplicationContextInitializer : Root WebApplicationContext: initialization completed in 22601 ms
2026-07-29T19:06:28.989+05:30 DEBUG 49044 --- [expense-management-service] [  restartedMain] o.s.w.f.ServerHttpObservationFilter      : Filter 'webMvcObservationFilter' configured for use
2026-07-29T19:06:29.593+05:30  INFO 49044 --- [expense-management-service] [  restartedMain] com.zaxxer.hikari.HikariDataSource       : ExpenseManagementPool - Starting...
2026-07-29T19:06:30.234+05:30  INFO 49044 --- [expense-management-service] [  restartedMain] com.zaxxer.hikari.pool.HikariPool        : ExpenseManagementPool - Added connection com.mysql.cj.jdbc.ConnectionImpl@4cf6d597
2026-07-29T19:06:30.251+05:30  INFO 49044 --- [expense-management-service] [  restartedMain] com.zaxxer.hikari.HikariDataSource       : ExpenseManagementPool - Start completed.
2026-07-29T19:06:30.339+05:30  INFO 49044 --- [expense-management-service] [  restartedMain] org.flywaydb.core.FlywayExecutor         : Database: jdbc:mysql://mysql-2652f645-expensemanagement.d.aivencloud.com:18971/expense_management?sslMode=REQUIRED&serverTimezone=UTC (MySQL 8.4)
2026-07-29T19:06:31.474+05:30  INFO 49044 --- [expense-management-service] [  restartedMain] o.f.core.internal.command.DbValidate     : Successfully validated 5 migrations (execution time 00:00.434s)
2026-07-29T19:06:32.154+05:30  INFO 49044 --- [expense-management-service] [  restartedMain] o.f.core.internal.command.DbMigrate      : Current version of schema `expense_management`: 5
2026-07-29T19:06:32.213+05:30  INFO 49044 --- [expense-management-service] [  restartedMain] o.f.core.internal.command.DbMigrate      : Schema `expense_management` is up to date. No migration necessary.
2026-07-29T19:06:32.978+05:30  INFO 49044 --- [expense-management-service] [  restartedMain] org.hibernate.orm.jpa                    : HHH008540: Processing PersistenceUnitInfo [name: default]
2026-07-29T19:06:33.370+05:30  INFO 49044 --- [expense-management-service] [  restartedMain] o.s.o.j.p.SpringPersistenceUnitInfo      : No LoadTimeWeaver setup: ignoring JPA class transformer
2026-07-29T19:06:33.501+05:30  WARN 49044 --- [expense-management-service] [  restartedMain] org.hibernate.orm.deprecation            : HHH90000025: MySQLDialect does not need to be specified explicitly using 'hibernate.dialect' (remove the property setting and it will be selected by default)
2026-07-29T19:06:33.557+05:30  INFO 49044 --- [expense-management-service] [  restartedMain] org.hibernate.orm.connections.pooling    : HHH10001005: Database info:
	Database JDBC URL [jdbc:mysql://mysql-2652f645-expensemanagement.d.aivencloud.com:18971/expense_management?sslMode=REQUIRED&serverTimezone=UTC]
	Database driver: MySQL Connector/J
	Database dialect: MySQLDialect
	Database version: 8.4.8
	Default catalog/schema: expense_management/undefined
	Autocommit mode: undefined/unknown
	Isolation level: REPEATABLE_READ [default REPEATABLE_READ]
	JDBC fetch size: none
	Pool: DataSourceConnectionProvider
	Minimum pool size: undefined/unknown
	Maximum pool size: undefined/unknown
2026-07-29T19:06:38.820+05:30  INFO 49044 --- [expense-management-service] [  restartedMain] org.hibernate.orm.core                   : HHH000489: No JTA platform available (set 'hibernate.transaction.jta.platform' to enable JTA platform integration)
2026-07-29T19:06:39.371+05:30  INFO 49044 --- [expense-management-service] [  restartedMain] j.LocalContainerEntityManagerFactoryBean : Initialized JPA EntityManagerFactory for persistence unit 'default'
2026-07-29T19:06:45.976+05:30 DEBUG 49044 --- [expense-management-service] [  restartedMain] swordEncoderAuthenticationManagerBuilder : No authenticationProviders and no parentAuthenticationManager defined. Returning null.
2026-07-29T19:06:46.626+05:30 DEBUG 49044 --- [expense-management-service] [  restartedMain] o.s.s.web.DefaultSecurityFilterChain     : Will secure any request with filters: DisableEncodeUrlFilter, WebAsyncManagerIntegrationFilter, SecurityContextHolderFilter, HeaderWriterFilter, CorsFilter, LogoutFilter, OAuth2ProtectedResourceMetadataFilter, BearerTokenAuthenticationFilter, RequestCacheAwareFilter, SecurityContextHolderAwareRequestFilter, AnonymousAuthenticationFilter, SessionManagementFilter, ExceptionTranslationFilter, AuthorizationFilter
2026-07-29T19:06:47.159+05:30 DEBUG 49044 --- [expense-management-service] [  restartedMain] s.w.s.m.m.a.RequestMappingHandlerMapping : 146 mappings in 'requestMappingHandlerMapping'
2026-07-29T19:06:47.408+05:30 DEBUG 49044 --- [expense-management-service] [  restartedMain] o.s.w.s.handler.SimpleUrlHandlerMapping  : Patterns [/webjars/**, /**, /swagger-ui*/*swagger-initializer.js, /swagger-ui*/**] in 'resourceHandlerMapping'
2026-07-29T19:06:47.529+05:30 DEBUG 49044 --- [expense-management-service] [  restartedMain] s.w.s.m.m.a.RequestMappingHandlerAdapter : ControllerAdvice beans: 0 @ModelAttribute, 0 @InitBinder, 2 RequestBodyAdvice, 1 ResponseBodyAdvice
2026-07-29T19:06:47.696+05:30 DEBUG 49044 --- [expense-management-service] [  restartedMain] .m.m.a.ExceptionHandlerExceptionResolver : ControllerAdvice beans: 2 @ExceptionHandler, 1 ResponseBodyAdvice
2026-07-29T19:06:55.799+05:30  INFO 49044 --- [expense-management-service] [  restartedMain] o.s.b.a.e.web.EndpointLinksResolver      : Exposing 2 endpoints beneath base path '/actuator'
2026-07-29T19:06:57.947+05:30  INFO 49044 --- [expense-management-service] [  restartedMain] o.s.boot.tomcat.TomcatWebServer          : Tomcat started on port 8080 (http) with context path '/'
2026-07-29T19:06:57.969+05:30  INFO 49044 --- [expense-management-service] [  restartedMain] o.a.kafka.common.config.AbstractConfig   : ConsumerConfig values: 
	allow.auto.create.topics = true
	auto.commit.interval.ms = 5000
	auto.offset.reset = earliest
	bootstrap.servers = [localhost:19092]
	check.crcs = true
	client.dns.lookup = use_all_dns_ips
	client.id = consumer-xms-employee-consumer-2
	client.rack = 
	config.providers = []
	connections.max.idle.ms = 540000
	default.api.timeout.ms = 60000
	enable.auto.commit = false
	enable.metrics.push = true
	exclude.internal.topics = true
	fetch.max.bytes = 52428800
	fetch.max.wait.ms = 500
	fetch.min.bytes = 1
	group.id = xms-employee-consumer
	group.instance.id = null
	group.protocol = classic
	group.remote.assignor = null
	heartbeat.interval.ms = 3000
	interceptor.classes = []
	internal.throw.on.fetch.stable.offset.unsupported = false
	isolation.level = read_uncommitted
	key.deserializer = class org.apache.kafka.common.serialization.StringDeserializer
	max.partition.fetch.bytes = 1048576
	max.poll.interval.ms = 300000
	max.poll.records = 500
	metadata.max.age.ms = 300000
	metadata.recovery.rebootstrap.trigger.ms = 300000
	metadata.recovery.strategy = rebootstrap
	metric.reporters = [org.apache.kafka.common.metrics.JmxReporter]
	metrics.num.samples = 2
	metrics.recording.level = INFO
	metrics.sample.window.ms = 30000
	partition.assignment.strategy = [class org.apache.kafka.clients.consumer.RangeAssignor, class org.apache.kafka.clients.consumer.CooperativeStickyAssignor]
	receive.buffer.bytes = 65536
	reconnect.backoff.max.ms = 1000
	reconnect.backoff.ms = 50
	request.timeout.ms = 30000
	retry.backoff.max.ms = 1000
	retry.backoff.ms = 100
	sasl.client.callback.handler.class = null
	sasl.jaas.config = null
	sasl.kerberos.kinit.cmd = /usr/bin/kinit
	sasl.kerberos.min.time.before.relogin = 60000
	sasl.kerberos.service.name = null
	sasl.kerberos.ticket.renew.jitter = 0.05
	sasl.kerberos.ticket.renew.window.factor = 0.8
	sasl.login.callback.handler.class = null
	sasl.login.class = null
	sasl.login.connect.timeout.ms = null
	sasl.login.read.timeout.ms = null
	sasl.login.refresh.buffer.seconds = 300
	sasl.login.refresh.min.period.seconds = 60
	sasl.login.refresh.window.factor = 0.8
	sasl.login.refresh.window.jitter = 0.05
	sasl.login.retry.backoff.max.ms = 10000
	sasl.login.retry.backoff.ms = 100
	sasl.mechanism = GSSAPI
	sasl.oauthbearer.assertion.algorithm = RS256
	sasl.oauthbearer.assertion.claim.aud = null
	sasl.oauthbearer.assertion.claim.exp.seconds = 300
	sasl.oauthbearer.assertion.claim.iss = null
	sasl.oauthbearer.assertion.claim.jti.include = false
	sasl.oauthbearer.assertion.claim.nbf.seconds = 60
	sasl.oauthbearer.assertion.claim.sub = null
	sasl.oauthbearer.assertion.file = null
	sasl.oauthbearer.assertion.private.key.file = null
	sasl.oauthbearer.assertion.private.key.passphrase = null
	sasl.oauthbearer.assertion.template.file = null
	sasl.oauthbearer.client.credentials.client.id = null
	sasl.oauthbearer.client.credentials.client.secret = null
	sasl.oauthbearer.clock.skew.seconds = 30
	sasl.oauthbearer.expected.audience = []
	sasl.oauthbearer.expected.issuer = null
	sasl.oauthbearer.header.urlencode = false
	sasl.oauthbearer.jwks.endpoint.refresh.ms = 3600000
	sasl.oauthbearer.jwks.endpoint.retry.backoff.max.ms = 10000
	sasl.oauthbearer.jwks.endpoint.retry.backoff.ms = 100
	sasl.oauthbearer.jwks.endpoint.url = null
	sasl.oauthbearer.jwt.retriever.class = class org.apache.kafka.common.security.oauthbearer.DefaultJwtRetriever
	sasl.oauthbearer.jwt.validator.class = class org.apache.kafka.common.security.oauthbearer.DefaultJwtValidator
	sasl.oauthbearer.scope = null
	sasl.oauthbearer.scope.claim.name = scope
	sasl.oauthbearer.sub.claim.name = sub
	sasl.oauthbearer.token.endpoint.url = null
	security.protocol = PLAINTEXT
	security.providers = null
	send.buffer.bytes = 131072
	session.timeout.ms = 45000
	share.acknowledgement.mode = implicit
	share.acquire.mode = BATCH_OPTIMIZED
	socket.connection.setup.timeout.max.ms = 30000
	socket.connection.setup.timeout.ms = 10000
	ssl.cipher.suites = []
	ssl.enabled.protocols = [TLSv1.2, TLSv1.3]
	ssl.endpoint.identification.algorithm = https
	ssl.engine.factory.class = null
	ssl.key.password = null
	ssl.keymanager.algorithm = SunX509
	ssl.keystore.certificate.chain = null
	ssl.keystore.key = null
	ssl.keystore.location = null
	ssl.keystore.password = null
	ssl.keystore.type = JKS
	ssl.protocol = TLSv1.3
	ssl.provider = null
	ssl.secure.random.implementation = null
	ssl.trustmanager.algorithm = PKIX
	ssl.truststore.certificates = null
	ssl.truststore.location = null
	ssl.truststore.password = null
	ssl.truststore.type = JKS
	value.deserializer = class org.apache.kafka.common.serialization.StringDeserializer

2026-07-29T19:06:57.989+05:30  INFO 49044 --- [expense-management-service] [  restartedMain] o.a.k.c.t.i.KafkaMetricsCollector        : initializing Kafka metrics collector
2026-07-29T19:06:58.060+05:30  INFO 49044 --- [expense-management-service] [  restartedMain] o.a.kafka.common.utils.AppInfoParser     : Kafka version: 4.2.1
2026-07-29T19:06:58.061+05:30  INFO 49044 --- [expense-management-service] [  restartedMain] o.a.kafka.common.utils.AppInfoParser     : Kafka commitId: 92f61c44867f39dc
2026-07-29T19:06:58.062+05:30  INFO 49044 --- [expense-management-service] [  restartedMain] o.a.kafka.common.utils.AppInfoParser     : Kafka startTimeMs: 1785332218056
2026-07-29T19:06:58.074+05:30  INFO 49044 --- [expense-management-service] [  restartedMain] o.a.k.c.c.i.ClassicKafkaConsumer         : [Consumer clientId=consumer-xms-employee-consumer-2, groupId=xms-employee-consumer] Subscribed to topic(s): eos_dev.eos.employee_details
2026-07-29T19:06:58.114+05:30  INFO 49044 --- [expense-management-service] [  restartedMain] c.e.ExpenseManagementServiceApplication  : Started ExpenseManagementServiceApplication in 54.267 seconds (process running for 1647.921)
2026-07-29T19:06:58.128+05:30  INFO 49044 --- [expense-management-service] [  restartedMain] .ConditionEvaluationDeltaLoggingListener : Condition evaluation unchanged
2026-07-29T19:06:58.471+05:30  INFO 49044 --- [expense-management-service] [   File Watcher] rtingClassPathChangeChangedEventListener : Restarting due to 327 class path changes (327 additions, 0 deletions, 0 modifications)
2026-07-29T19:06:58.955+05:30  INFO 49044 --- [expense-management-service] [ntainer#0-0-C-1] o.a.k.c.c.internals.ConsumerCoordinator  : [Consumer clientId=consumer-xms-employee-consumer-2, groupId=xms-employee-consumer] Resetting generation and member id due to: consumer pro-actively leaving the group
2026-07-29T19:06:58.959+05:30  INFO 49044 --- [expense-management-service] [ntainer#0-0-C-1] o.a.k.c.c.internals.ConsumerCoordinator  : [Consumer clientId=consumer-xms-employee-consumer-2, groupId=xms-employee-consumer] Request joining group due to: consumer pro-actively leaving the group
2026-07-29T19:06:58.961+05:30  INFO 49044 --- [expense-management-service] [ntainer#0-0-C-1] o.a.k.c.c.i.ClassicKafkaConsumer         : [Consumer clientId=consumer-xms-employee-consumer-2, groupId=xms-employee-consumer] Unsubscribed all topics or patterns and assigned partitions
2026-07-29T19:06:58.970+05:30  INFO 49044 --- [expense-management-service] [ntainer#0-0-C-1] o.a.k.c.c.internals.ConsumerCoordinator  : [Consumer clientId=consumer-xms-employee-consumer-2, groupId=xms-employee-consumer] Resetting generation and member id due to: consumer pro-actively leaving the group
2026-07-29T19:06:58.970+05:30  INFO 49044 --- [expense-management-service] [ntainer#0-0-C-1] o.a.k.c.c.internals.ConsumerCoordinator  : [Consumer clientId=consumer-xms-employee-consumer-2, groupId=xms-employee-consumer] Request joining group due to: consumer pro-actively leaving the group
2026-07-29T19:06:58.972+05:30  INFO 49044 --- [expense-management-service] [ntainer#0-0-C-1] o.apache.kafka.common.metrics.Metrics    : Metrics scheduler closed
2026-07-29T19:06:58.973+05:30  INFO 49044 --- [expense-management-service] [ntainer#0-0-C-1] o.apache.kafka.common.metrics.Metrics    : Closing reporter org.apache.kafka.common.metrics.JmxReporter
2026-07-29T19:06:58.974+05:30  INFO 49044 --- [expense-management-service] [ntainer#0-0-C-1] o.apache.kafka.common.metrics.Metrics    : Closing reporter org.apache.kafka.common.telemetry.internals.ClientTelemetryReporter
2026-07-29T19:06:58.975+05:30  INFO 49044 --- [expense-management-service] [ntainer#0-0-C-1] o.apache.kafka.common.metrics.Metrics    : Metrics reporters closed
2026-07-29T19:06:58.992+05:30  INFO 49044 --- [expense-management-service] [ntainer#0-0-C-1] o.a.kafka.common.utils.AppInfoParser     : App info kafka.consumer for consumer-xms-employee-consumer-2 unregistered
2026-07-29T19:06:58.997+05:30  INFO 49044 --- [expense-management-service] [ntainer#0-0-C-1] o.s.k.l.KafkaMessageListenerContainer    : xms-employee-consumer: Consumer stopped
2026-07-29T19:06:59.002+05:30  INFO 49044 --- [expense-management-service] [       Thread-5] o.s.boot.tomcat.GracefulShutdown         : Commencing graceful shutdown. Waiting for active requests to complete
2026-07-29T19:07:02.023+05:30  INFO 49044 --- [expense-management-service] [tomcat-shutdown] o.s.boot.tomcat.GracefulShutdown         : Graceful shutdown complete
2026-07-29T19:07:02.243+05:30  INFO 49044 --- [expense-management-service] [       Thread-5] j.LocalContainerEntityManagerFactoryBean : Closing JPA EntityManagerFactory for persistence unit 'default'
2026-07-29T19:07:02.259+05:30  INFO 49044 --- [expense-management-service] [       Thread-5] com.zaxxer.hikari.HikariDataSource       : ExpenseManagementPool - Shutdown initiated...
2026-07-29T19:07:02.314+05:30  INFO 49044 --- [expense-management-service] [       Thread-5] com.zaxxer.hikari.HikariDataSource       : ExpenseManagementPool - Shutdown completed.

  .   ____          _            __ _ _
 /\\ / ___'_ __ _ _(_)_ __  __ _ \ \ \ \
( ( )\___ | '_ | '_| | '_ \/ _` | \ \ \ \
 \\/  ___)| |_)| | | | | || (_| |  ) ) ) )
  '  |____| .__|_| |_|_| |_\__, | / / / /
 =========|_|==============|___/=/_/_/_/

 :: Spring Boot ::                (v4.1.0)

2026-07-29T19:07:03.544+05:30  INFO 49044 --- [expense-management-service] [  restartedMain] m.p.springdotenv.DotenvPropertySource    : Initialized Dotenv with DotenvConfig[enabled=true, directory=null, filename=.env, ignoreIfMalformed=false, ignoreIfMissing=true, exportToSystemProperties=false]
2026-07-29T19:07:03.551+05:30  INFO 49044 --- [expense-management-service] [  restartedMain] c.e.ExpenseManagementServiceApplication  : Starting ExpenseManagementServiceApplication using Java 24.0.1 with PID 49044 (C:\Users\Ajaykumar.Korada\Desktop\intranet\intranet-be\EMS\Expense_Management_Service\target\classes started by Ajaykumar.Korada in C:\Users\Ajaykumar.Korada\Desktop\intranet\intranet-be\EMS\Expense_Management_Service)
2026-07-29T19:07:03.552+05:30 DEBUG 49044 --- [expense-management-service] [  restartedMain] c.e.ExpenseManagementServiceApplication  : Running with Spring Boot v4.1.0, Spring v7.0.8
2026-07-29T19:07:03.554+05:30  INFO 49044 --- [expense-management-service] [  restartedMain] c.e.ExpenseManagementServiceApplication  : No active profile set, falling back to 1 default profile: "default"
2026-07-29T19:07:13.478+05:30  INFO 49044 --- [expense-management-service] [  restartedMain] .s.d.r.c.RepositoryConfigurationDelegate : Multiple Spring Data modules found, entering strict repository configuration mode
2026-07-29T19:07:13.479+05:30  INFO 49044 --- [expense-management-service] [  restartedMain] .s.d.r.c.RepositoryConfigurationDelegate : Bootstrapping Spring Data JPA repositories in DEFAULT mode.
2026-07-29T19:07:14.868+05:30  INFO 49044 --- [expense-management-service] [  restartedMain] .s.d.r.c.RepositoryConfigurationDelegate : Finished Spring Data repository scanning in 1383 ms. Found 28 JPA repository interfaces.
2026-07-29T19:07:14.940+05:30  INFO 49044 --- [expense-management-service] [  restartedMain] .s.d.r.c.RepositoryConfigurationDelegate : Multiple Spring Data modules found, entering strict repository configuration mode
2026-07-29T19:07:14.941+05:30  INFO 49044 --- [expense-management-service] [  restartedMain] .s.d.r.c.RepositoryConfigurationDelegate : Bootstrapping Spring Data Redis repositories in DEFAULT mode.
2026-07-29T19:07:14.982+05:30  INFO 49044 --- [expense-management-service] [  restartedMain] .RepositoryConfigurationExtensionSupport : Spring Data Redis - Could not safely identify store assignment for repository candidate interface com.expense_management_service.repository.ApprovalDelegationRepository; If you want this repository to be a Redis repository, consider annotating your entities with one of these annotations: org.springframework.data.redis.core.RedisHash (preferred), or consider extending one of the following types with your repository: org.springframework.data.keyvalue.repository.KeyValueRepository
2026-07-29T19:07:14.983+05:30  INFO 49044 --- [expense-management-service] [  restartedMain] .RepositoryConfigurationExtensionSupport : Spring Data Redis - Could not safely identify store assignment for repository candidate interface com.expense_management_service.repository.ApprovalMatrixRepository; If you want this repository to be a Redis repository, consider annotating your entities with one of these annotations: org.springframework.data.redis.core.RedisHash (preferred), or consider extending one of the following types with your repository: org.springframework.data.keyvalue.repository.KeyValueRepository
2026-07-29T19:07:14.984+05:30  INFO 49044 --- [expense-management-service] [  restartedMain] .RepositoryConfigurationExtensionSupport : Spring Data Redis - Could not safely identify store assignment for repository candidate interface com.expense_management_service.repository.ApprovalTaskRepository; If you want this repository to be a Redis repository, consider annotating your entities with one of these annotations: org.springframework.data.redis.core.RedisHash (preferred), or consider extending one of the following types with your repository: org.springframework.data.keyvalue.repository.KeyValueRepository
2026-07-29T19:07:14.985+05:30  INFO 49044 --- [expense-management-service] [  restartedMain] .RepositoryConfigurationExtensionSupport : Spring Data Redis - Could not safely identify store assignment for repository candidate interface com.expense_management_service.repository.AuditLogRepository; If you want this repository to be a Redis repository, consider annotating your entities with one of these annotations: org.springframework.data.redis.core.RedisHash (preferred), or consider extending one of the following types with your repository: org.springframework.data.keyvalue.repository.KeyValueRepository
2026-07-29T19:07:14.986+05:30  INFO 49044 --- [expense-management-service] [  restartedMain] .RepositoryConfigurationExtensionSupport : Spring Data Redis - Could not safely identify store assignment for repository candidate interface com.expense_management_service.repository.CashAdvanceAdjustmentRepository; If you want this repository to be a Redis repository, consider annotating your entities with one of these annotations: org.springframework.data.redis.core.RedisHash (preferred), or consider extending one of the following types with your repository: org.springframework.data.keyvalue.repository.KeyValueRepository
2026-07-29T19:07:14.988+05:30  INFO 49044 --- [expense-management-service] [  restartedMain] .RepositoryConfigurationExtensionSupport : Spring Data Redis - Could not safely identify store assignment for repository candidate interface com.expense_management_service.repository.CashAdvanceRepository; If you want this repository to be a Redis repository, consider annotating your entities with one of these annotations: org.springframework.data.redis.core.RedisHash (preferred), or consider extending one of the following types with your repository: org.springframework.data.keyvalue.repository.KeyValueRepository
2026-07-29T19:07:14.988+05:30  INFO 49044 --- [expense-management-service] [  restartedMain] .RepositoryConfigurationExtensionSupport : Spring Data Redis - Could not safely identify store assignment for repository candidate interface com.expense_management_service.repository.CdcFailureLogRepository; If you want this repository to be a Redis repository, consider annotating your entities with one of these annotations: org.springframework.data.redis.core.RedisHash (preferred), or consider extending one of the following types with your repository: org.springframework.data.keyvalue.repository.KeyValueRepository
2026-07-29T19:07:14.990+05:30  INFO 49044 --- [expense-management-service] [  restartedMain] .RepositoryConfigurationExtensionSupport : Spring Data Redis - Could not safely identify store assignment for repository candidate interface com.expense_management_service.repository.CostAllocationRepository; If you want this repository to be a Redis repository, consider annotating your entities with one of these annotations: org.springframework.data.redis.core.RedisHash (preferred), or consider extending one of the following types with your repository: org.springframework.data.keyvalue.repository.KeyValueRepository
2026-07-29T19:07:14.991+05:30  INFO 49044 --- [expense-management-service] [  restartedMain] .RepositoryConfigurationExtensionSupport : Spring Data Redis - Could not safely identify store assignment for repository candidate interface com.expense_management_service.repository.CostCenterBudgetRepository; If you want this repository to be a Redis repository, consider annotating your entities with one of these annotations: org.springframework.data.redis.core.RedisHash (preferred), or consider extending one of the following types with your repository: org.springframework.data.keyvalue.repository.KeyValueRepository
2026-07-29T19:07:14.993+05:30  INFO 49044 --- [expense-management-service] [  restartedMain] .RepositoryConfigurationExtensionSupport : Spring Data Redis - Could not safely identify store assignment for repository candidate interface com.expense_management_service.repository.CostCenterRepository; If you want this repository to be a Redis repository, consider annotating your entities with one of these annotations: org.springframework.data.redis.core.RedisHash (preferred), or consider extending one of the following types with your repository: org.springframework.data.keyvalue.repository.KeyValueRepository
2026-07-29T19:07:14.994+05:30  INFO 49044 --- [expense-management-service] [  restartedMain] .RepositoryConfigurationExtensionSupport : Spring Data Redis - Could not safely identify store assignment for repository candidate interface com.expense_management_service.repository.CurrencyRepository; If you want this repository to be a Redis repository, consider annotating your entities with one of these annotations: org.springframework.data.redis.core.RedisHash (preferred), or consider extending one of the following types with your repository: org.springframework.data.keyvalue.repository.KeyValueRepository
2026-07-29T19:07:14.996+05:30  INFO 49044 --- [expense-management-service] [  restartedMain] .RepositoryConfigurationExtensionSupport : Spring Data Redis - Could not safely identify store assignment for repository candidate interface com.expense_management_service.repository.EmployeeCacheRepository; If you want this repository to be a Redis repository, consider annotating your entities with one of these annotations: org.springframework.data.redis.core.RedisHash (preferred), or consider extending one of the following types with your repository: org.springframework.data.keyvalue.repository.KeyValueRepository
2026-07-29T19:07:14.997+05:30  INFO 49044 --- [expense-management-service] [  restartedMain] .RepositoryConfigurationExtensionSupport : Spring Data Redis - Could not safely identify store assignment for repository candidate interface com.expense_management_service.repository.ExchangeRateRepository; If you want this repository to be a Redis repository, consider annotating your entities with one of these annotations: org.springframework.data.redis.core.RedisHash (preferred), or consider extending one of the following types with your repository: org.springframework.data.keyvalue.repository.KeyValueRepository
2026-07-29T19:07:14.998+05:30  INFO 49044 --- [expense-management-service] [  restartedMain] .RepositoryConfigurationExtensionSupport : Spring Data Redis - Could not safely identify store assignment for repository candidate interface com.expense_management_service.repository.ExpenseCategoryRepository; If you want this repository to be a Redis repository, consider annotating your entities with one of these annotations: org.springframework.data.redis.core.RedisHash (preferred), or consider extending one of the following types with your repository: org.springframework.data.keyvalue.repository.KeyValueRepository
2026-07-29T19:07:14.999+05:30  INFO 49044 --- [expense-management-service] [  restartedMain] .RepositoryConfigurationExtensionSupport : Spring Data Redis - Could not safely identify store assignment for repository candidate interface com.expense_management_service.repository.ExpenseLineItemRepository; If you want this repository to be a Redis repository, consider annotating your entities with one of these annotations: org.springframework.data.redis.core.RedisHash (preferred), or consider extending one of the following types with your repository: org.springframework.data.keyvalue.repository.KeyValueRepository
2026-07-29T19:07:15.001+05:30  INFO 49044 --- [expense-management-service] [  restartedMain] .RepositoryConfigurationExtensionSupport : Spring Data Redis - Could not safely identify store assignment for repository candidate interface com.expense_management_service.repository.ExpenseReportRepository; If you want this repository to be a Redis repository, consider annotating your entities with one of these annotations: org.springframework.data.redis.core.RedisHash (preferred), or consider extending one of the following types with your repository: org.springframework.data.keyvalue.repository.KeyValueRepository
2026-07-29T19:07:15.002+05:30  INFO 49044 --- [expense-management-service] [  restartedMain] .RepositoryConfigurationExtensionSupport : Spring Data Redis - Could not safely identify store assignment for repository candidate interface com.expense_management_service.repository.GlAccountRepository; If you want this repository to be a Redis repository, consider annotating your entities with one of these annotations: org.springframework.data.redis.core.RedisHash (preferred), or consider extending one of the following types with your repository: org.springframework.data.keyvalue.repository.KeyValueRepository
2026-07-29T19:07:15.003+05:30  INFO 49044 --- [expense-management-service] [  restartedMain] .RepositoryConfigurationExtensionSupport : Spring Data Redis - Could not safely identify store assignment for repository candidate interface com.expense_management_service.repository.IntegrationSyncRepository; If you want this repository to be a Redis repository, consider annotating your entities with one of these annotations: org.springframework.data.redis.core.RedisHash (preferred), or consider extending one of the following types with your repository: org.springframework.data.keyvalue.repository.KeyValueRepository
2026-07-29T19:07:15.004+05:30  INFO 49044 --- [expense-management-service] [  restartedMain] .RepositoryConfigurationExtensionSupport : Spring Data Redis - Could not safely identify store assignment for repository candidate interface com.expense_management_service.repository.InvoiceSyncRepository; If you want this repository to be a Redis repository, consider annotating your entities with one of these annotations: org.springframework.data.redis.core.RedisHash (preferred), or consider extending one of the following types with your repository: org.springframework.data.keyvalue.repository.KeyValueRepository
2026-07-29T19:07:15.005+05:30  INFO 49044 --- [expense-management-service] [  restartedMain] .RepositoryConfigurationExtensionSupport : Spring Data Redis - Could not safely identify store assignment for repository candidate interface com.expense_management_service.repository.NotificationRepository; If you want this repository to be a Redis repository, consider annotating your entities with one of these annotations: org.springframework.data.redis.core.RedisHash (preferred), or consider extending one of the following types with your repository: org.springframework.data.keyvalue.repository.KeyValueRepository
2026-07-29T19:07:15.007+05:30  INFO 49044 --- [expense-management-service] [  restartedMain] .RepositoryConfigurationExtensionSupport : Spring Data Redis - Could not safely identify store assignment for repository candidate interface com.expense_management_service.repository.PolicyRuleRepository; If you want this repository to be a Redis repository, consider annotating your entities with one of these annotations: org.springframework.data.redis.core.RedisHash (preferred), or consider extending one of the following types with your repository: org.springframework.data.keyvalue.repository.KeyValueRepository
2026-07-29T19:07:15.008+05:30  INFO 49044 --- [expense-management-service] [  restartedMain] .RepositoryConfigurationExtensionSupport : Spring Data Redis - Could not safely identify store assignment for repository candidate interface com.expense_management_service.repository.PolicyViolationRepository; If you want this repository to be a Redis repository, consider annotating your entities with one of these annotations: org.springframework.data.redis.core.RedisHash (preferred), or consider extending one of the following types with your repository: org.springframework.data.keyvalue.repository.KeyValueRepository
2026-07-29T19:07:15.010+05:30  INFO 49044 --- [expense-management-service] [  restartedMain] .RepositoryConfigurationExtensionSupport : Spring Data Redis - Could not safely identify store assignment for repository candidate interface com.expense_management_service.repository.ProjectCacheRepository; If you want this repository to be a Redis repository, consider annotating your entities with one of these annotations: org.springframework.data.redis.core.RedisHash (preferred), or consider extending one of the following types with your repository: org.springframework.data.keyvalue.repository.KeyValueRepository
2026-07-29T19:07:15.011+05:30  INFO 49044 --- [expense-management-service] [  restartedMain] .RepositoryConfigurationExtensionSupport : Spring Data Redis - Could not safely identify store assignment for repository candidate interface com.expense_management_service.repository.ReceiptOcrRepository; If you want this repository to be a Redis repository, consider annotating your entities with one of these annotations: org.springframework.data.redis.core.RedisHash (preferred), or consider extending one of the following types with your repository: org.springframework.data.keyvalue.repository.KeyValueRepository
2026-07-29T19:07:15.012+05:30  INFO 49044 --- [expense-management-service] [  restartedMain] .RepositoryConfigurationExtensionSupport : Spring Data Redis - Could not safely identify store assignment for repository candidate interface com.expense_management_service.repository.ReceiptRepository; If you want this repository to be a Redis repository, consider annotating your entities with one of these annotations: org.springframework.data.redis.core.RedisHash (preferred), or consider extending one of the following types with your repository: org.springframework.data.keyvalue.repository.KeyValueRepository
2026-07-29T19:07:15.013+05:30  INFO 49044 --- [expense-management-service] [  restartedMain] .RepositoryConfigurationExtensionSupport : Spring Data Redis - Could not safely identify store assignment for repository candidate interface com.expense_management_service.repository.SavedFilterRepository; If you want this repository to be a Redis repository, consider annotating your entities with one of these annotations: org.springframework.data.redis.core.RedisHash (preferred), or consider extending one of the following types with your repository: org.springframework.data.keyvalue.repository.KeyValueRepository
2026-07-29T19:07:15.014+05:30  INFO 49044 --- [expense-management-service] [  restartedMain] .RepositoryConfigurationExtensionSupport : Spring Data Redis - Could not safely identify store assignment for repository candidate interface com.expense_management_service.repository.SystemConfigurationRepository; If you want this repository to be a Redis repository, consider annotating your entities with one of these annotations: org.springframework.data.redis.core.RedisHash (preferred), or consider extending one of the following types with your repository: org.springframework.data.keyvalue.repository.KeyValueRepository
2026-07-29T19:07:15.015+05:30  INFO 49044 --- [expense-management-service] [  restartedMain] .RepositoryConfigurationExtensionSupport : Spring Data Redis - Could not safely identify store assignment for repository candidate interface com.expense_management_service.repository.VerificationQueryRepository; If you want this repository to be a Redis repository, consider annotating your entities with one of these annotations: org.springframework.data.redis.core.RedisHash (preferred), or consider extending one of the following types with your repository: org.springframework.data.keyvalue.repository.KeyValueRepository
2026-07-29T19:07:15.017+05:30  INFO 49044 --- [expense-management-service] [  restartedMain] .s.d.r.c.RepositoryConfigurationDelegate : Finished Spring Data repository scanning in 69 ms. Found 0 Redis repository interfaces.
2026-07-29T19:07:16.916+05:30  INFO 49044 --- [expense-management-service] [  restartedMain] o.s.boot.tomcat.TomcatWebServer          : Tomcat initialized with port 8080 (http)
2026-07-29T19:07:16.918+05:30  INFO 49044 --- [expense-management-service] [  restartedMain] o.apache.catalina.core.StandardService   : Starting service [Tomcat]
2026-07-29T19:07:16.919+05:30  INFO 49044 --- [expense-management-service] [  restartedMain] o.apache.catalina.core.StandardEngine    : Starting Servlet engine: [Apache Tomcat/11.0.22]
2026-07-29T19:07:17.269+05:30  INFO 49044 --- [expense-management-service] [  restartedMain] b.w.c.s.WebApplicationContextInitializer : Root WebApplicationContext: initialization completed in 13710 ms
2026-07-29T19:07:17.925+05:30 DEBUG 49044 --- [expense-management-service] [  restartedMain] o.s.w.f.ServerHttpObservationFilter      : Filter 'webMvcObservationFilter' configured for use
2026-07-29T19:07:18.309+05:30  INFO 49044 --- [expense-management-service] [  restartedMain] com.zaxxer.hikari.HikariDataSource       : ExpenseManagementPool - Starting...
2026-07-29T19:07:18.863+05:30  INFO 49044 --- [expense-management-service] [  restartedMain] com.zaxxer.hikari.pool.HikariPool        : ExpenseManagementPool - Added connection com.mysql.cj.jdbc.ConnectionImpl@7a142f8
2026-07-29T19:07:18.864+05:30  INFO 49044 --- [expense-management-service] [  restartedMain] com.zaxxer.hikari.HikariDataSource       : ExpenseManagementPool - Start completed.
2026-07-29T19:07:18.914+05:30  INFO 49044 --- [expense-management-service] [  restartedMain] org.flywaydb.core.FlywayExecutor         : Database: jdbc:mysql://mysql-2652f645-expensemanagement.d.aivencloud.com:18971/expense_management?sslMode=REQUIRED&serverTimezone=UTC (MySQL 8.4)
2026-07-29T19:07:19.998+05:30  INFO 49044 --- [expense-management-service] [  restartedMain] o.f.core.internal.command.DbValidate     : Successfully validated 5 migrations (execution time 00:00.403s)
2026-07-29T19:07:20.692+05:30  INFO 49044 --- [expense-management-service] [  restartedMain] o.f.core.internal.command.DbMigrate      : Current version of schema `expense_management`: 5
2026-07-29T19:07:20.744+05:30  INFO 49044 --- [expense-management-service] [  restartedMain] o.f.core.internal.command.DbMigrate      : Schema `expense_management` is up to date. No migration necessary.
2026-07-29T19:07:21.479+05:30  INFO 49044 --- [expense-management-service] [  restartedMain] org.hibernate.orm.jpa                    : HHH008540: Processing PersistenceUnitInfo [name: default]
2026-07-29T19:07:21.744+05:30  INFO 49044 --- [expense-management-service] [  restartedMain] o.s.o.j.p.SpringPersistenceUnitInfo      : No LoadTimeWeaver setup: ignoring JPA class transformer
2026-07-29T19:07:21.839+05:30  WARN 49044 --- [expense-management-service] [  restartedMain] org.hibernate.orm.deprecation            : HHH90000025: MySQLDialect does not need to be specified explicitly using 'hibernate.dialect' (remove the property setting and it will be selected by default)
2026-07-29T19:07:21.891+05:30  INFO 49044 --- [expense-management-service] [  restartedMain] org.hibernate.orm.connections.pooling    : HHH10001005: Database info:
	Database JDBC URL [jdbc:mysql://mysql-2652f645-expensemanagement.d.aivencloud.com:18971/expense_management?sslMode=REQUIRED&serverTimezone=UTC]
	Database driver: MySQL Connector/J
	Database dialect: MySQLDialect
	Database version: 8.4.8
	Default catalog/schema: expense_management/undefined
	Autocommit mode: undefined/unknown
	Isolation level: REPEATABLE_READ [default REPEATABLE_READ]
	JDBC fetch size: none
	Pool: DataSourceConnectionProvider
	Minimum pool size: undefined/unknown
	Maximum pool size: undefined/unknown
2026-07-29T19:07:26.194+05:30  INFO 49044 --- [expense-management-service] [  restartedMain] org.hibernate.orm.core                   : HHH000489: No JTA platform available (set 'hibernate.transaction.jta.platform' to enable JTA platform integration)
2026-07-29T19:07:26.663+05:30  INFO 49044 --- [expense-management-service] [  restartedMain] j.LocalContainerEntityManagerFactoryBean : Initialized JPA EntityManagerFactory for persistence unit 'default'
2026-07-29T19:07:34.189+05:30 DEBUG 49044 --- [expense-management-service] [  restartedMain] swordEncoderAuthenticationManagerBuilder : No authenticationProviders and no parentAuthenticationManager defined. Returning null.
2026-07-29T19:07:35.121+05:30 DEBUG 49044 --- [expense-management-service] [  restartedMain] o.s.s.web.DefaultSecurityFilterChain     : Will secure any request with filters: DisableEncodeUrlFilter, WebAsyncManagerIntegrationFilter, SecurityContextHolderFilter, HeaderWriterFilter, CorsFilter, LogoutFilter, OAuth2ProtectedResourceMetadataFilter, BearerTokenAuthenticationFilter, RequestCacheAwareFilter, SecurityContextHolderAwareRequestFilter, AnonymousAuthenticationFilter, SessionManagementFilter, ExceptionTranslationFilter, AuthorizationFilter
2026-07-29T19:07:35.849+05:30 DEBUG 49044 --- [expense-management-service] [  restartedMain] s.w.s.m.m.a.RequestMappingHandlerMapping : 146 mappings in 'requestMappingHandlerMapping'
2026-07-29T19:07:36.043+05:30 DEBUG 49044 --- [expense-management-service] [  restartedMain] o.s.w.s.handler.SimpleUrlHandlerMapping  : Patterns [/webjars/**, /**, /swagger-ui*/*swagger-initializer.js, /swagger-ui*/**] in 'resourceHandlerMapping'
2026-07-29T19:07:36.117+05:30 DEBUG 49044 --- [expense-management-service] [  restartedMain] s.w.s.m.m.a.RequestMappingHandlerAdapter : ControllerAdvice beans: 0 @ModelAttribute, 0 @InitBinder, 2 RequestBodyAdvice, 1 ResponseBodyAdvice
2026-07-29T19:07:36.208+05:30 DEBUG 49044 --- [expense-management-service] [  restartedMain] .m.m.a.ExceptionHandlerExceptionResolver : ControllerAdvice beans: 2 @ExceptionHandler, 1 ResponseBodyAdvice
2026-07-29T19:07:38.500+05:30  INFO 49044 --- [expense-management-service] [  restartedMain] o.s.b.a.e.web.EndpointLinksResolver      : Exposing 2 endpoints beneath base path '/actuator'
2026-07-29T19:07:38.751+05:30  INFO 49044 --- [expense-management-service] [  restartedMain] o.s.boot.tomcat.TomcatWebServer          : Tomcat started on port 8080 (http) with context path '/'
2026-07-29T19:07:38.757+05:30  INFO 49044 --- [expense-management-service] [  restartedMain] o.a.kafka.common.config.AbstractConfig   : ConsumerConfig values: 
	allow.auto.create.topics = true
	auto.commit.interval.ms = 5000
	auto.offset.reset = earliest
	bootstrap.servers = [localhost:19092]
	check.crcs = true
	client.dns.lookup = use_all_dns_ips
	client.id = consumer-xms-employee-consumer-3
	client.rack = 
	config.providers = []
	connections.max.idle.ms = 540000
	default.api.timeout.ms = 60000
	enable.auto.commit = false
	enable.metrics.push = true
	exclude.internal.topics = true
	fetch.max.bytes = 52428800
	fetch.max.wait.ms = 500
	fetch.min.bytes = 1
	group.id = xms-employee-consumer
	group.instance.id = null
	group.protocol = classic
	group.remote.assignor = null
	heartbeat.interval.ms = 3000
	interceptor.classes = []
	internal.throw.on.fetch.stable.offset.unsupported = false
	isolation.level = read_uncommitted
	key.deserializer = class org.apache.kafka.common.serialization.StringDeserializer
	max.partition.fetch.bytes = 1048576
	max.poll.interval.ms = 300000
	max.poll.records = 500
	metadata.max.age.ms = 300000
	metadata.recovery.rebootstrap.trigger.ms = 300000
	metadata.recovery.strategy = rebootstrap
	metric.reporters = [org.apache.kafka.common.metrics.JmxReporter]
	metrics.num.samples = 2
	metrics.recording.level = INFO
	metrics.sample.window.ms = 30000
	partition.assignment.strategy = [class org.apache.kafka.clients.consumer.RangeAssignor, class org.apache.kafka.clients.consumer.CooperativeStickyAssignor]
	receive.buffer.bytes = 65536
	reconnect.backoff.max.ms = 1000
	reconnect.backoff.ms = 50
	request.timeout.ms = 30000
	retry.backoff.max.ms = 1000
	retry.backoff.ms = 100
	sasl.client.callback.handler.class = null
	sasl.jaas.config = null
	sasl.kerberos.kinit.cmd = /usr/bin/kinit
	sasl.kerberos.min.time.before.relogin = 60000
	sasl.kerberos.service.name = null
	sasl.kerberos.ticket.renew.jitter = 0.05
	sasl.kerberos.ticket.renew.window.factor = 0.8
	sasl.login.callback.handler.class = null
	sasl.login.class = null
	sasl.login.connect.timeout.ms = null
	sasl.login.read.timeout.ms = null
	sasl.login.refresh.buffer.seconds = 300
	sasl.login.refresh.min.period.seconds = 60
	sasl.login.refresh.window.factor = 0.8
	sasl.login.refresh.window.jitter = 0.05
	sasl.login.retry.backoff.max.ms = 10000
	sasl.login.retry.backoff.ms = 100
	sasl.mechanism = GSSAPI
	sasl.oauthbearer.assertion.algorithm = RS256
	sasl.oauthbearer.assertion.claim.aud = null
	sasl.oauthbearer.assertion.claim.exp.seconds = 300
	sasl.oauthbearer.assertion.claim.iss = null
	sasl.oauthbearer.assertion.claim.jti.include = false
	sasl.oauthbearer.assertion.claim.nbf.seconds = 60
	sasl.oauthbearer.assertion.claim.sub = null
	sasl.oauthbearer.assertion.file = null
	sasl.oauthbearer.assertion.private.key.file = null
	sasl.oauthbearer.assertion.private.key.passphrase = null
	sasl.oauthbearer.assertion.template.file = null
	sasl.oauthbearer.client.credentials.client.id = null
	sasl.oauthbearer.client.credentials.client.secret = null
	sasl.oauthbearer.clock.skew.seconds = 30
	sasl.oauthbearer.expected.audience = []
	sasl.oauthbearer.expected.issuer = null
	sasl.oauthbearer.header.urlencode = false
	sasl.oauthbearer.jwks.endpoint.refresh.ms = 3600000
	sasl.oauthbearer.jwks.endpoint.retry.backoff.max.ms = 10000
	sasl.oauthbearer.jwks.endpoint.retry.backoff.ms = 100
	sasl.oauthbearer.jwks.endpoint.url = null
	sasl.oauthbearer.jwt.retriever.class = class org.apache.kafka.common.security.oauthbearer.DefaultJwtRetriever
	sasl.oauthbearer.jwt.validator.class = class org.apache.kafka.common.security.oauthbearer.DefaultJwtValidator
	sasl.oauthbearer.scope = null
	sasl.oauthbearer.scope.claim.name = scope
	sasl.oauthbearer.sub.claim.name = sub
	sasl.oauthbearer.token.endpoint.url = null
	security.protocol = PLAINTEXT
	security.providers = null
	send.buffer.bytes = 131072
	session.timeout.ms = 45000
	share.acknowledgement.mode = implicit
	share.acquire.mode = BATCH_OPTIMIZED
	socket.connection.setup.timeout.max.ms = 30000
	socket.connection.setup.timeout.ms = 10000
	ssl.cipher.suites = []
	ssl.enabled.protocols = [TLSv1.2, TLSv1.3]
	ssl.endpoint.identification.algorithm = https
	ssl.engine.factory.class = null
	ssl.key.password = null
	ssl.keymanager.algorithm = SunX509
	ssl.keystore.certificate.chain = null
	ssl.keystore.key = null
	ssl.keystore.location = null
	ssl.keystore.password = null
	ssl.keystore.type = JKS
	ssl.protocol = TLSv1.3
	ssl.provider = null
	ssl.secure.random.implementation = null
	ssl.trustmanager.algorithm = PKIX
	ssl.truststore.certificates = null
	ssl.truststore.location = null
	ssl.truststore.password = null
	ssl.truststore.type = JKS
	value.deserializer = class org.apache.kafka.common.serialization.StringDeserializer

2026-07-29T19:07:38.759+05:30  INFO 49044 --- [expense-management-service] [  restartedMain] o.a.k.c.t.i.KafkaMetricsCollector        : initializing Kafka metrics collector
2026-07-29T19:07:38.789+05:30  INFO 49044 --- [expense-management-service] [  restartedMain] o.a.kafka.common.utils.AppInfoParser     : Kafka version: 4.2.1
2026-07-29T19:07:38.789+05:30  INFO 49044 --- [expense-management-service] [  restartedMain] o.a.kafka.common.utils.AppInfoParser     : Kafka commitId: 92f61c44867f39dc
2026-07-29T19:07:38.791+05:30  INFO 49044 --- [expense-management-service] [  restartedMain] o.a.kafka.common.utils.AppInfoParser     : Kafka startTimeMs: 1785332258789
2026-07-29T19:07:38.791+05:30  INFO 49044 --- [expense-management-service] [  restartedMain] o.a.k.c.c.i.ClassicKafkaConsumer         : [Consumer clientId=consumer-xms-employee-consumer-3, groupId=xms-employee-consumer] Subscribed to topic(s): eos_dev.eos.employee_details
2026-07-29T19:07:38.809+05:30  INFO 49044 --- [expense-management-service] [  restartedMain] c.e.ExpenseManagementServiceApplication  : Started ExpenseManagementServiceApplication in 35.612 seconds (process running for 1688.617)
2026-07-29T19:07:38.815+05:30  INFO 49044 --- [expense-management-service] [  restartedMain] .ConditionEvaluationDeltaLoggingListener : Condition evaluation unchanged
2026-07-29T19:07:39.625+05:30  INFO 49044 --- [expense-management-service] [ntainer#0-0-C-1] org.apache.kafka.clients.Metadata        : [Consumer clientId=consumer-xms-employee-consumer-3, groupId=xms-employee-consumer] Cluster ID: redpanda.7de2bd9a-deb3-452b-a588-54332c0a33b8
2026-07-29T19:07:39.725+05:30  INFO 49044 --- [expense-management-service] [ntainer#0-0-C-1] o.a.k.c.c.internals.ConsumerCoordinator  : [Consumer clientId=consumer-xms-employee-consumer-3, groupId=xms-employee-consumer] Discovered group coordinator localhost:19092 (id: 2147483647 rack: null isFenced: false)
2026-07-29T19:07:39.733+05:30  INFO 49044 --- [expense-management-service] [ntainer#0-0-C-1] o.a.k.c.c.internals.ConsumerCoordinator  : [Consumer clientId=consumer-xms-employee-consumer-3, groupId=xms-employee-consumer] (Re-)joining group
2026-07-29T19:07:40.536+05:30  INFO 49044 --- [expense-management-service] [ntainer#0-0-C-1] o.a.k.c.c.internals.ConsumerCoordinator  : [Consumer clientId=consumer-xms-employee-consumer-3, groupId=xms-employee-consumer] Request joining group due to: need to re-join with the given member-id: consumer-xms-employee-consumer-3-dba76ff9-8d64-4e0b-91ad-5f9073152ad2
2026-07-29T19:07:40.542+05:30  INFO 49044 --- [expense-management-service] [ntainer#0-0-C-1] o.a.k.c.c.internals.ConsumerCoordinator  : [Consumer clientId=consumer-xms-employee-consumer-3, groupId=xms-employee-consumer] (Re-)joining group
2026-07-29T19:07:40.760+05:30  INFO 49044 --- [expense-management-service] [ntainer#0-0-C-1] o.a.k.c.c.internals.ConsumerCoordinator  : [Consumer clientId=consumer-xms-employee-consumer-3, groupId=xms-employee-consumer] Successfully joined group with generation Generation{generationId=23, memberId='consumer-xms-employee-consumer-3-dba76ff9-8d64-4e0b-91ad-5f9073152ad2', protocol='range'}
2026-07-29T19:07:40.762+05:30  INFO 49044 --- [expense-management-service] [ntainer#0-0-C-1] o.a.k.c.c.internals.ConsumerCoordinator  : [Consumer clientId=consumer-xms-employee-consumer-3, groupId=xms-employee-consumer] Finished assignment for group at generation 23: {consumer-xms-employee-consumer-3-dba76ff9-8d64-4e0b-91ad-5f9073152ad2=Assignment(partitions=[eos_dev.eos.employee_details-0])}
2026-07-29T19:07:41.534+05:30  INFO 49044 --- [expense-management-service] [ntainer#0-0-C-1] o.a.k.c.c.internals.ConsumerCoordinator  : [Consumer clientId=consumer-xms-employee-consumer-3, groupId=xms-employee-consumer] Successfully synced group in generation Generation{generationId=23, memberId='consumer-xms-employee-consumer-3-dba76ff9-8d64-4e0b-91ad-5f9073152ad2', protocol='range'}
2026-07-29T19:07:41.540+05:30  INFO 49044 --- [expense-management-service] [ntainer#0-0-C-1] o.a.k.c.c.internals.ConsumerCoordinator  : [Consumer clientId=consumer-xms-employee-consumer-3, groupId=xms-employee-consumer] Notifying assignor about the new Assignment(partitions=[eos_dev.eos.employee_details-0])
2026-07-29T19:07:41.540+05:30  INFO 49044 --- [expense-management-service] [ntainer#0-0-C-1] k.c.c.i.ConsumerRebalanceListenerInvoker : [Consumer clientId=consumer-xms-employee-consumer-3, groupId=xms-employee-consumer] Adding newly assigned partitions: [eos_dev.eos.employee_details-0]
2026-07-29T19:07:41.876+05:30  INFO 49044 --- [expense-management-service] [ntainer#0-0-C-1] o.a.k.c.c.internals.ConsumerUtils        : Setting offset for partition eos_dev.eos.employee_details-0 to the committed offset FetchPosition{offset=5, offsetEpoch=Optional.empty, currentLeader=LeaderAndEpoch{leader=Optional[localhost:19092 (id: 0 rack: null isFenced: false)], epoch=absent}}
2026-07-29T19:07:41.977+05:30  INFO 49044 --- [expense-management-service] [ntainer#0-0-C-1] o.s.k.l.KafkaMessageListenerContainer    : xms-employee-consumer: partitions assigned: [eos_dev.eos.employee_details-0]
2026-07-29T19:09:02.580+05:30  INFO 49044 --- [expense-management-service] [   File Watcher] rtingClassPathChangeChangedEventListener : Restarting due to 327 class path changes (0 additions, 327 deletions, 0 modifications)
2026-07-29T19:09:07.856+05:30  INFO 49044 --- [expense-management-service] [ntainer#0-0-C-1] k.c.c.i.ConsumerRebalanceListenerInvoker : [Consumer clientId=consumer-xms-employee-consumer-3, groupId=xms-employee-consumer] Revoke previously assigned partitions [eos_dev.eos.employee_details-0]
2026-07-29T19:09:07.879+05:30  INFO 49044 --- [expense-management-service] [ntainer#0-0-C-1] o.s.k.l.KafkaMessageListenerContainer    : xms-employee-consumer: partitions revoked: [eos_dev.eos.employee_details-0]
2026-07-29T19:09:07.914+05:30  INFO 49044 --- [expense-management-service] [ntainer#0-0-C-1] o.a.k.c.c.internals.ConsumerCoordinator  : [Consumer clientId=consumer-xms-employee-consumer-3, groupId=xms-employee-consumer] Member consumer-xms-employee-consumer-3-dba76ff9-8d64-4e0b-91ad-5f9073152ad2 sending LeaveGroup request to coordinator localhost:19092 (id: 2147483647 rack: null isFenced: false) due to the consumer unsubscribed from all topics
2026-07-29T19:09:07.944+05:30  INFO 49044 --- [expense-management-service] [ntainer#0-0-C-1] o.a.k.c.c.internals.ConsumerCoordinator  : [Consumer clientId=consumer-xms-employee-consumer-3, groupId=xms-employee-consumer] Resetting generation and member id due to: consumer pro-actively leaving the group
2026-07-29T19:09:07.964+05:30  INFO 49044 --- [expense-management-service] [ntainer#0-0-C-1] o.a.k.c.c.internals.ConsumerCoordinator  : [Consumer clientId=consumer-xms-employee-consumer-3, groupId=xms-employee-consumer] Request joining group due to: consumer pro-actively leaving the group
2026-07-29T19:09:08.000+05:30  INFO 49044 --- [expense-management-service] [ntainer#0-0-C-1] o.a.k.c.c.i.ClassicKafkaConsumer         : [Consumer clientId=consumer-xms-employee-consumer-3, groupId=xms-employee-consumer] Unsubscribed all topics or patterns and assigned partitions
2026-07-29T19:09:08.045+05:30  INFO 49044 --- [expense-management-service] [ntainer#0-0-C-1] o.a.k.c.c.internals.ConsumerCoordinator  : [Consumer clientId=consumer-xms-employee-consumer-3, groupId=xms-employee-consumer] Resetting generation and member id due to: consumer pro-actively leaving the group
2026-07-29T19:09:08.071+05:30  INFO 49044 --- [expense-management-service] [ntainer#0-0-C-1] o.a.k.c.c.internals.ConsumerCoordinator  : [Consumer clientId=consumer-xms-employee-consumer-3, groupId=xms-employee-consumer] Request joining group due to: consumer pro-actively leaving the group
2026-07-29T19:09:10.026+05:30  INFO 49044 --- [expense-management-service] [ntainer#0-0-C-1] o.apache.kafka.common.metrics.Metrics    : Metrics scheduler closed
2026-07-29T19:09:10.047+05:30  INFO 49044 --- [expense-management-service] [ntainer#0-0-C-1] o.apache.kafka.common.metrics.Metrics    : Closing reporter org.apache.kafka.common.metrics.JmxReporter
2026-07-29T19:09:10.081+05:30  INFO 49044 --- [expense-management-service] [ntainer#0-0-C-1] o.apache.kafka.common.metrics.Metrics    : Closing reporter org.apache.kafka.common.telemetry.internals.ClientTelemetryReporter
2026-07-29T19:09:10.111+05:30  INFO 49044 --- [expense-management-service] [ntainer#0-0-C-1] o.apache.kafka.common.metrics.Metrics    : Metrics reporters closed
2026-07-29T19:09:10.245+05:30  INFO 49044 --- [expense-management-service] [ntainer#0-0-C-1] o.a.kafka.common.utils.AppInfoParser     : App info kafka.consumer for consumer-xms-employee-consumer-3 unregistered
2026-07-29T19:09:10.264+05:30  INFO 49044 --- [expense-management-service] [ntainer#0-0-C-1] o.s.k.l.KafkaMessageListenerContainer    : xms-employee-consumer: Consumer stopped
2026-07-29T19:09:10.313+05:30  INFO 49044 --- [expense-management-service] [       Thread-9] o.s.boot.tomcat.GracefulShutdown         : Commencing graceful shutdown. Waiting for active requests to complete
2026-07-29T19:09:19.930+05:30  INFO 49044 --- [expense-management-service] [tomcat-shutdown] o.s.boot.tomcat.GracefulShutdown         : Graceful shutdown complete
2026-07-29T19:09:22.927+05:30  INFO 49044 --- [expense-management-service] [       Thread-9] j.LocalContainerEntityManagerFactoryBean : Closing JPA EntityManagerFactory for persistence unit 'default'
2026-07-29T19:09:23.218+05:30  INFO 49044 --- [expense-management-service] [       Thread-9] com.zaxxer.hikari.HikariDataSource       : ExpenseManagementPool - Shutdown initiated...
2026-07-29T19:09:23.649+05:30  INFO 49044 --- [expense-management-service] [       Thread-9] com.zaxxer.hikari.HikariDataSource       : ExpenseManagementPool - Shutdown completed.

  .   ____          _            __ _ _
 /\\ / ___'_ __ _ _(_)_ __  __ _ \ \ \ \
( ( )\___ | '_ | '_| | '_ \/ _` | \ \ \ \
 \\/  ___)| |_)| | | | | || (_| |  ) ) ) )
  '  |____| .__|_| |_|_| |_\__, | / / / /
 =========|_|==============|___/=/_/_/_/

 :: Spring Boot ::                (v4.1.0)

2026-07-29T19:09:33.683+05:30  INFO 49044 --- [expense-management-service] [  restartedMain] m.p.springdotenv.DotenvPropertySource    : Initialized Dotenv with DotenvConfig[enabled=true, directory=null, filename=.env, ignoreIfMalformed=false, ignoreIfMissing=true, exportToSystemProperties=false]
2026-07-29T19:09:33.701+05:30  INFO 49044 --- [expense-management-service] [  restartedMain] c.e.ExpenseManagementServiceApplication  : Starting ExpenseManagementServiceApplication using Java 24.0.1 with PID 49044 (C:\Users\Ajaykumar.Korada\Desktop\intranet\intranet-be\EMS\Expense_Management_Service\target\classes started by Ajaykumar.Korada in C:\Users\Ajaykumar.Korada\Desktop\intranet\intranet-be\EMS\Expense_Management_Service)
2026-07-29T19:09:33.702+05:30 DEBUG 49044 --- [expense-management-service] [  restartedMain] c.e.ExpenseManagementServiceApplication  : Running with Spring Boot v4.1.0, Spring v7.0.8
2026-07-29T19:09:33.703+05:30  INFO 49044 --- [expense-management-service] [  restartedMain] c.e.ExpenseManagementServiceApplication  : No active profile set, falling back to 1 default profile: "default"
2026-07-29T19:09:50.684+05:30  INFO 49044 --- [expense-management-service] [  restartedMain] .s.d.r.c.RepositoryConfigurationDelegate : Multiple Spring Data modules found, entering strict repository configuration mode
2026-07-29T19:09:50.685+05:30  INFO 49044 --- [expense-management-service] [  restartedMain] .s.d.r.c.RepositoryConfigurationDelegate : Bootstrapping Spring Data JPA repositories in DEFAULT mode.
2026-07-29T19:09:51.840+05:30  INFO 49044 --- [expense-management-service] [  restartedMain] .s.d.r.c.RepositoryConfigurationDelegate : Finished Spring Data repository scanning in 1129 ms. Found 28 JPA repository interfaces.
2026-07-29T19:09:52.004+05:30  INFO 49044 --- [expense-management-service] [  restartedMain] .s.d.r.c.RepositoryConfigurationDelegate : Multiple Spring Data modules found, entering strict repository configuration mode
2026-07-29T19:09:52.005+05:30  INFO 49044 --- [expense-management-service] [  restartedMain] .s.d.r.c.RepositoryConfigurationDelegate : Bootstrapping Spring Data Redis repositories in DEFAULT mode.
2026-07-29T19:09:52.055+05:30  INFO 49044 --- [expense-management-service] [  restartedMain] .RepositoryConfigurationExtensionSupport : Spring Data Redis - Could not safely identify store assignment for repository candidate interface com.expense_management_service.repository.ApprovalDelegationRepository; If you want this repository to be a Redis repository, consider annotating your entities with one of these annotations: org.springframework.data.redis.core.RedisHash (preferred), or consider extending one of the following types with your repository: org.springframework.data.keyvalue.repository.KeyValueRepository
2026-07-29T19:09:52.056+05:30  INFO 49044 --- [expense-management-service] [  restartedMain] .RepositoryConfigurationExtensionSupport : Spring Data Redis - Could not safely identify store assignment for repository candidate interface com.expense_management_service.repository.ApprovalMatrixRepository; If you want this repository to be a Redis repository, consider annotating your entities with one of these annotations: org.springframework.data.redis.core.RedisHash (preferred), or consider extending one of the following types with your repository: org.springframework.data.keyvalue.repository.KeyValueRepository
2026-07-29T19:09:52.058+05:30  INFO 49044 --- [expense-management-service] [  restartedMain] .RepositoryConfigurationExtensionSupport : Spring Data Redis - Could not safely identify store assignment for repository candidate interface com.expense_management_service.repository.ApprovalTaskRepository; If you want this repository to be a Redis repository, consider annotating your entities with one of these annotations: org.springframework.data.redis.core.RedisHash (preferred), or consider extending one of the following types with your repository: org.springframework.data.keyvalue.repository.KeyValueRepository
2026-07-29T19:09:52.059+05:30  INFO 49044 --- [expense-management-service] [  restartedMain] .RepositoryConfigurationExtensionSupport : Spring Data Redis - Could not safely identify store assignment for repository candidate interface com.expense_management_service.repository.AuditLogRepository; If you want this repository to be a Redis repository, consider annotating your entities with one of these annotations: org.springframework.data.redis.core.RedisHash (preferred), or consider extending one of the following types with your repository: org.springframework.data.keyvalue.repository.KeyValueRepository
2026-07-29T19:09:52.060+05:30  INFO 49044 --- [expense-management-service] [  restartedMain] .RepositoryConfigurationExtensionSupport : Spring Data Redis - Could not safely identify store assignment for repository candidate interface com.expense_management_service.repository.CashAdvanceAdjustmentRepository; If you want this repository to be a Redis repository, consider annotating your entities with one of these annotations: org.springframework.data.redis.core.RedisHash (preferred), or consider extending one of the following types with your repository: org.springframework.data.keyvalue.repository.KeyValueRepository
2026-07-29T19:09:52.060+05:30  INFO 49044 --- [expense-management-service] [  restartedMain] .RepositoryConfigurationExtensionSupport : Spring Data Redis - Could not safely identify store assignment for repository candidate interface com.expense_management_service.repository.CashAdvanceRepository; If you want this repository to be a Redis repository, consider annotating your entities with one of these annotations: org.springframework.data.redis.core.RedisHash (preferred), or consider extending one of the following types with your repository: org.springframework.data.keyvalue.repository.KeyValueRepository
2026-07-29T19:09:52.061+05:30  INFO 49044 --- [expense-management-service] [  restartedMain] .RepositoryConfigurationExtensionSupport : Spring Data Redis - Could not safely identify store assignment for repository candidate interface com.expense_management_service.repository.CdcFailureLogRepository; If you want this repository to be a Redis repository, consider annotating your entities with one of these annotations: org.springframework.data.redis.core.RedisHash (preferred), or consider extending one of the following types with your repository: org.springframework.data.keyvalue.repository.KeyValueRepository
2026-07-29T19:09:52.062+05:30  INFO 49044 --- [expense-management-service] [  restartedMain] .RepositoryConfigurationExtensionSupport : Spring Data Redis - Could not safely identify store assignment for repository candidate interface com.expense_management_service.repository.CostAllocationRepository; If you want this repository to be a Redis repository, consider annotating your entities with one of these annotations: org.springframework.data.redis.core.RedisHash (preferred), or consider extending one of the following types with your repository: org.springframework.data.keyvalue.repository.KeyValueRepository
2026-07-29T19:09:52.064+05:30  INFO 49044 --- [expense-management-service] [  restartedMain] .RepositoryConfigurationExtensionSupport : Spring Data Redis - Could not safely identify store assignment for repository candidate interface com.expense_management_service.repository.CostCenterBudgetRepository; If you want this repository to be a Redis repository, consider annotating your entities with one of these annotations: org.springframework.data.redis.core.RedisHash (preferred), or consider extending one of the following types with your repository: org.springframework.data.keyvalue.repository.KeyValueRepository
2026-07-29T19:09:52.066+05:30  INFO 49044 --- [expense-management-service] [  restartedMain] .RepositoryConfigurationExtensionSupport : Spring Data Redis - Could not safely identify store assignment for repository candidate interface com.expense_management_service.repository.CostCenterRepository; If you want this repository to be a Redis repository, consider annotating your entities with one of these annotations: org.springframework.data.redis.core.RedisHash (preferred), or consider extending one of the following types with your repository: org.springframework.data.keyvalue.repository.KeyValueRepository
2026-07-29T19:09:52.067+05:30  INFO 49044 --- [expense-management-service] [  restartedMain] .RepositoryConfigurationExtensionSupport : Spring Data Redis - Could not safely identify store assignment for repository candidate interface com.expense_management_service.repository.CurrencyRepository; If you want this repository to be a Redis repository, consider annotating your entities with one of these annotations: org.springframework.data.redis.core.RedisHash (preferred), or consider extending one of the following types with your repository: org.springframework.data.keyvalue.repository.KeyValueRepository
2026-07-29T19:09:52.068+05:30  INFO 49044 --- [expense-management-service] [  restartedMain] .RepositoryConfigurationExtensionSupport : Spring Data Redis - Could not safely identify store assignment for repository candidate interface com.expense_management_service.repository.EmployeeCacheRepository; If you want this repository to be a Redis repository, consider annotating your entities with one of these annotations: org.springframework.data.redis.core.RedisHash (preferred), or consider extending one of the following types with your repository: org.springframework.data.keyvalue.repository.KeyValueRepository
2026-07-29T19:09:52.070+05:30  INFO 49044 --- [expense-management-service] [  restartedMain] .RepositoryConfigurationExtensionSupport : Spring Data Redis - Could not safely identify store assignment for repository candidate interface com.expense_management_service.repository.ExchangeRateRepository; If you want this repository to be a Redis repository, consider annotating your entities with one of these annotations: org.springframework.data.redis.core.RedisHash (preferred), or consider extending one of the following types with your repository: org.springframework.data.keyvalue.repository.KeyValueRepository
2026-07-29T19:09:52.072+05:30  INFO 49044 --- [expense-management-service] [  restartedMain] .RepositoryConfigurationExtensionSupport : Spring Data Redis - Could not safely identify store assignment for repository candidate interface com.expense_management_service.repository.ExpenseCategoryRepository; If you want this repository to be a Redis repository, consider annotating your entities with one of these annotations: org.springframework.data.redis.core.RedisHash (preferred), or consider extending one of the following types with your repository: org.springframework.data.keyvalue.repository.KeyValueRepository
2026-07-29T19:09:52.075+05:30  INFO 49044 --- [expense-management-service] [  restartedMain] .RepositoryConfigurationExtensionSupport : Spring Data Redis - Could not safely identify store assignment for repository candidate interface com.expense_management_service.repository.ExpenseLineItemRepository; If you want this repository to be a Redis repository, consider annotating your entities with one of these annotations: org.springframework.data.redis.core.RedisHash (preferred), or consider extending one of the following types with your repository: org.springframework.data.keyvalue.repository.KeyValueRepository
2026-07-29T19:09:52.077+05:30  INFO 49044 --- [expense-management-service] [  restartedMain] .RepositoryConfigurationExtensionSupport : Spring Data Redis - Could not safely identify store assignment for repository candidate interface com.expense_management_service.repository.ExpenseReportRepository; If you want this repository to be a Redis repository, consider annotating your entities with one of these annotations: org.springframework.data.redis.core.RedisHash (preferred), or consider extending one of the following types with your repository: org.springframework.data.keyvalue.repository.KeyValueRepository
2026-07-29T19:09:52.078+05:30  INFO 49044 --- [expense-management-service] [  restartedMain] .RepositoryConfigurationExtensionSupport : Spring Data Redis - Could not safely identify store assignment for repository candidate interface com.expense_management_service.repository.GlAccountRepository; If you want this repository to be a Redis repository, consider annotating your entities with one of these annotations: org.springframework.data.redis.core.RedisHash (preferred), or consider extending one of the following types with your repository: org.springframework.data.keyvalue.repository.KeyValueRepository
2026-07-29T19:09:52.079+05:30  INFO 49044 --- [expense-management-service] [  restartedMain] .RepositoryConfigurationExtensionSupport : Spring Data Redis - Could not safely identify store assignment for repository candidate interface com.expense_management_service.repository.IntegrationSyncRepository; If you want this repository to be a Redis repository, consider annotating your entities with one of these annotations: org.springframework.data.redis.core.RedisHash (preferred), or consider extending one of the following types with your repository: org.springframework.data.keyvalue.repository.KeyValueRepository
2026-07-29T19:09:52.081+05:30  INFO 49044 --- [expense-management-service] [  restartedMain] .RepositoryConfigurationExtensionSupport : Spring Data Redis - Could not safely identify store assignment for repository candidate interface com.expense_management_service.repository.InvoiceSyncRepository; If you want this repository to be a Redis repository, consider annotating your entities with one of these annotations: org.springframework.data.redis.core.RedisHash (preferred), or consider extending one of the following types with your repository: org.springframework.data.keyvalue.repository.KeyValueRepository
2026-07-29T19:09:52.083+05:30  INFO 49044 --- [expense-management-service] [  restartedMain] .RepositoryConfigurationExtensionSupport : Spring Data Redis - Could not safely identify store assignment for repository candidate interface com.expense_management_service.repository.NotificationRepository; If you want this repository to be a Redis repository, consider annotating your entities with one of these annotations: org.springframework.data.redis.core.RedisHash (preferred), or consider extending one of the following types with your repository: org.springframework.data.keyvalue.repository.KeyValueRepository
2026-07-29T19:09:52.084+05:30  INFO 49044 --- [expense-management-service] [  restartedMain] .RepositoryConfigurationExtensionSupport : Spring Data Redis - Could not safely identify store assignment for repository candidate interface com.expense_management_service.repository.PolicyRuleRepository; If you want this repository to be a Redis repository, consider annotating your entities with one of these annotations: org.springframework.data.redis.core.RedisHash (preferred), or consider extending one of the following types with your repository: org.springframework.data.keyvalue.repository.KeyValueRepository
2026-07-29T19:09:52.086+05:30  INFO 49044 --- [expense-management-service] [  restartedMain] .RepositoryConfigurationExtensionSupport : Spring Data Redis - Could not safely identify store assignment for repository candidate interface com.expense_management_service.repository.PolicyViolationRepository; If you want this repository to be a Redis repository, consider annotating your entities with one of these annotations: org.springframework.data.redis.core.RedisHash (preferred), or consider extending one of the following types with your repository: org.springframework.data.keyvalue.repository.KeyValueRepository
2026-07-29T19:09:52.087+05:30  INFO 49044 --- [expense-management-service] [  restartedMain] .RepositoryConfigurationExtensionSupport : Spring Data Redis - Could not safely identify store assignment for repository candidate interface com.expense_management_service.repository.ProjectCacheRepository; If you want this repository to be a Redis repository, consider annotating your entities with one of these annotations: org.springframework.data.redis.core.RedisHash (preferred), or consider extending one of the following types with your repository: org.springframework.data.keyvalue.repository.KeyValueRepository
2026-07-29T19:09:52.088+05:30  INFO 49044 --- [expense-management-service] [  restartedMain] .RepositoryConfigurationExtensionSupport : Spring Data Redis - Could not safely identify store assignment for repository candidate interface com.expense_management_service.repository.ReceiptOcrRepository; If you want this repository to be a Redis repository, consider annotating your entities with one of these annotations: org.springframework.data.redis.core.RedisHash (preferred), or consider extending one of the following types with your repository: org.springframework.data.keyvalue.repository.KeyValueRepository
2026-07-29T19:09:52.090+05:30  INFO 49044 --- [expense-management-service] [  restartedMain] .RepositoryConfigurationExtensionSupport : Spring Data Redis - Could not safely identify store assignment for repository candidate interface com.expense_management_service.repository.ReceiptRepository; If you want this repository to be a Redis repository, consider annotating your entities with one of these annotations: org.springframework.data.redis.core.RedisHash (preferred), or consider extending one of the following types with your repository: org.springframework.data.keyvalue.repository.KeyValueRepository
2026-07-29T19:09:52.091+05:30  INFO 49044 --- [expense-management-service] [  restartedMain] .RepositoryConfigurationExtensionSupport : Spring Data Redis - Could not safely identify store assignment for repository candidate interface com.expense_management_service.repository.SavedFilterRepository; If you want this repository to be a Redis repository, consider annotating your entities with one of these annotations: org.springframework.data.redis.core.RedisHash (preferred), or consider extending one of the following types with your repository: org.springframework.data.keyvalue.repository.KeyValueRepository
2026-07-29T19:09:52.092+05:30  INFO 49044 --- [expense-management-service] [  restartedMain] .RepositoryConfigurationExtensionSupport : Spring Data Redis - Could not safely identify store assignment for repository candidate interface com.expense_management_service.repository.SystemConfigurationRepository; If you want this repository to be a Redis repository, consider annotating your entities with one of these annotations: org.springframework.data.redis.core.RedisHash (preferred), or consider extending one of the following types with your repository: org.springframework.data.keyvalue.repository.KeyValueRepository
2026-07-29T19:09:52.093+05:30  INFO 49044 --- [expense-management-service] [  restartedMain] .RepositoryConfigurationExtensionSupport : Spring Data Redis - Could not safely identify store assignment for repository candidate interface com.expense_management_service.repository.VerificationQueryRepository; If you want this repository to be a Redis repository, consider annotating your entities with one of these annotations: org.springframework.data.redis.core.RedisHash (preferred), or consider extending one of the following types with your repository: org.springframework.data.keyvalue.repository.KeyValueRepository
2026-07-29T19:09:52.094+05:30  INFO 49044 --- [expense-management-service] [  restartedMain] .s.d.r.c.RepositoryConfigurationDelegate : Finished Spring Data repository scanning in 82 ms. Found 0 Redis repository interfaces.
2026-07-29T19:09:54.801+05:30  INFO 49044 --- [expense-management-service] [  restartedMain] o.s.boot.tomcat.TomcatWebServer          : Tomcat initialized with port 8080 (http)
2026-07-29T19:09:54.814+05:30  INFO 49044 --- [expense-management-service] [  restartedMain] o.apache.catalina.core.StandardService   : Starting service [Tomcat]
2026-07-29T19:09:54.815+05:30  INFO 49044 --- [expense-management-service] [  restartedMain] o.apache.catalina.core.StandardEngine    : Starting Servlet engine: [Apache Tomcat/11.0.22]
2026-07-29T19:09:55.005+05:30  INFO 49044 --- [expense-management-service] [  restartedMain] b.w.c.s.WebApplicationContextInitializer : Root WebApplicationContext: initialization completed in 21214 ms
2026-07-29T19:09:55.439+05:30 DEBUG 49044 --- [expense-management-service] [  restartedMain] o.s.w.f.ServerHttpObservationFilter      : Filter 'webMvcObservationFilter' configured for use
2026-07-29T19:09:55.759+05:30  INFO 49044 --- [expense-management-service] [  restartedMain] com.zaxxer.hikari.HikariDataSource       : ExpenseManagementPool - Starting...
2026-07-29T19:09:56.429+05:30  INFO 49044 --- [expense-management-service] [  restartedMain] com.zaxxer.hikari.pool.HikariPool        : ExpenseManagementPool - Added connection com.mysql.cj.jdbc.ConnectionImpl@26e4fc8
2026-07-29T19:09:56.451+05:30  INFO 49044 --- [expense-management-service] [  restartedMain] com.zaxxer.hikari.HikariDataSource       : ExpenseManagementPool - Start completed.
2026-07-29T19:09:56.510+05:30  INFO 49044 --- [expense-management-service] [  restartedMain] org.flywaydb.core.FlywayExecutor         : Database: jdbc:mysql://mysql-2652f645-expensemanagement.d.aivencloud.com:18971/expense_management?sslMode=REQUIRED&serverTimezone=UTC (MySQL 8.4)
2026-07-29T19:09:57.658+05:30  INFO 49044 --- [expense-management-service] [  restartedMain] o.f.core.internal.command.DbValidate     : Successfully validated 5 migrations (execution time 00:00.481s)
2026-07-29T19:09:58.379+05:30  INFO 49044 --- [expense-management-service] [  restartedMain] o.f.core.internal.command.DbMigrate      : Current version of schema `expense_management`: 5
2026-07-29T19:09:58.434+05:30  INFO 49044 --- [expense-management-service] [  restartedMain] o.f.core.internal.command.DbMigrate      : Schema `expense_management` is up to date. No migration necessary.
2026-07-29T19:09:59.033+05:30  INFO 49044 --- [expense-management-service] [  restartedMain] org.hibernate.orm.jpa                    : HHH008540: Processing PersistenceUnitInfo [name: default]
2026-07-29T19:09:59.351+05:30  INFO 49044 --- [expense-management-service] [  restartedMain] o.s.o.j.p.SpringPersistenceUnitInfo      : No LoadTimeWeaver setup: ignoring JPA class transformer
2026-07-29T19:09:59.477+05:30  WARN 49044 --- [expense-management-service] [  restartedMain] org.hibernate.orm.deprecation            : HHH90000025: MySQLDialect does not need to be specified explicitly using 'hibernate.dialect' (remove the property setting and it will be selected by default)
2026-07-29T19:09:59.560+05:30  INFO 49044 --- [expense-management-service] [  restartedMain] org.hibernate.orm.connections.pooling    : HHH10001005: Database info:
	Database JDBC URL [jdbc:mysql://mysql-2652f645-expensemanagement.d.aivencloud.com:18971/expense_management?sslMode=REQUIRED&serverTimezone=UTC]
	Database driver: MySQL Connector/J
	Database dialect: MySQLDialect
	Database version: 8.4.8
	Default catalog/schema: expense_management/undefined
	Autocommit mode: undefined/unknown
	Isolation level: REPEATABLE_READ [default REPEATABLE_READ]
	JDBC fetch size: none
	Pool: DataSourceConnectionProvider
	Minimum pool size: undefined/unknown
	Maximum pool size: undefined/unknown
2026-07-29T19:10:05.924+05:30  INFO 49044 --- [expense-management-service] [  restartedMain] org.hibernate.orm.core                   : HHH000489: No JTA platform available (set 'hibernate.transaction.jta.platform' to enable JTA platform integration)
2026-07-29T19:10:06.513+05:30  INFO 49044 --- [expense-management-service] [  restartedMain] j.LocalContainerEntityManagerFactoryBean : Initialized JPA EntityManagerFactory for persistence unit 'default'
2026-07-29T19:10:10.930+05:30 DEBUG 49044 --- [expense-management-service] [  restartedMain] swordEncoderAuthenticationManagerBuilder : No authenticationProviders and no parentAuthenticationManager defined. Returning null.
2026-07-29T19:10:11.364+05:30 DEBUG 49044 --- [expense-management-service] [  restartedMain] o.s.s.web.DefaultSecurityFilterChain     : Will secure any request with filters: DisableEncodeUrlFilter, WebAsyncManagerIntegrationFilter, SecurityContextHolderFilter, HeaderWriterFilter, CorsFilter, LogoutFilter, OAuth2ProtectedResourceMetadataFilter, BearerTokenAuthenticationFilter, RequestCacheAwareFilter, SecurityContextHolderAwareRequestFilter, AnonymousAuthenticationFilter, SessionManagementFilter, ExceptionTranslationFilter, AuthorizationFilter
2026-07-29T19:10:11.759+05:30 DEBUG 49044 --- [expense-management-service] [  restartedMain] s.w.s.m.m.a.RequestMappingHandlerMapping : 146 mappings in 'requestMappingHandlerMapping'
2026-07-29T19:10:11.851+05:30 DEBUG 49044 --- [expense-management-service] [  restartedMain] o.s.w.s.handler.SimpleUrlHandlerMapping  : Patterns [/webjars/**, /**, /swagger-ui*/*swagger-initializer.js, /swagger-ui*/**] in 'resourceHandlerMapping'
2026-07-29T19:10:11.931+05:30 DEBUG 49044 --- [expense-management-service] [  restartedMain] s.w.s.m.m.a.RequestMappingHandlerAdapter : ControllerAdvice beans: 0 @ModelAttribute, 0 @InitBinder, 2 RequestBodyAdvice, 1 ResponseBodyAdvice
2026-07-29T19:10:12.019+05:30 DEBUG 49044 --- [expense-management-service] [  restartedMain] .m.m.a.ExceptionHandlerExceptionResolver : ControllerAdvice beans: 2 @ExceptionHandler, 1 ResponseBodyAdvice
2026-07-29T19:10:13.964+05:30  INFO 49044 --- [expense-management-service] [  restartedMain] o.s.b.a.e.web.EndpointLinksResolver      : Exposing 2 endpoints beneath base path '/actuator'
2026-07-29T19:10:14.351+05:30  INFO 49044 --- [expense-management-service] [  restartedMain] o.s.boot.tomcat.TomcatWebServer          : Tomcat started on port 8080 (http) with context path '/'
2026-07-29T19:10:14.364+05:30  INFO 49044 --- [expense-management-service] [  restartedMain] o.a.kafka.common.config.AbstractConfig   : ConsumerConfig values: 
	allow.auto.create.topics = true
	auto.commit.interval.ms = 5000
	auto.offset.reset = earliest
	bootstrap.servers = [localhost:19092]
	check.crcs = true
	client.dns.lookup = use_all_dns_ips
	client.id = consumer-xms-employee-consumer-4
	client.rack = 
	config.providers = []
	connections.max.idle.ms = 540000
	default.api.timeout.ms = 60000
	enable.auto.commit = false
	enable.metrics.push = true
	exclude.internal.topics = true
	fetch.max.bytes = 52428800
	fetch.max.wait.ms = 500
	fetch.min.bytes = 1
	group.id = xms-employee-consumer
	group.instance.id = null
	group.protocol = classic
	group.remote.assignor = null
	heartbeat.interval.ms = 3000
	interceptor.classes = []
	internal.throw.on.fetch.stable.offset.unsupported = false
	isolation.level = read_uncommitted
	key.deserializer = class org.apache.kafka.common.serialization.StringDeserializer
	max.partition.fetch.bytes = 1048576
	max.poll.interval.ms = 300000
	max.poll.records = 500
	metadata.max.age.ms = 300000
	metadata.recovery.rebootstrap.trigger.ms = 300000
	metadata.recovery.strategy = rebootstrap
	metric.reporters = [org.apache.kafka.common.metrics.JmxReporter]
	metrics.num.samples = 2
	metrics.recording.level = INFO
	metrics.sample.window.ms = 30000
	partition.assignment.strategy = [class org.apache.kafka.clients.consumer.RangeAssignor, class org.apache.kafka.clients.consumer.CooperativeStickyAssignor]
	receive.buffer.bytes = 65536
	reconnect.backoff.max.ms = 1000
	reconnect.backoff.ms = 50
	request.timeout.ms = 30000
	retry.backoff.max.ms = 1000
	retry.backoff.ms = 100
	sasl.client.callback.handler.class = null
	sasl.jaas.config = null
	sasl.kerberos.kinit.cmd = /usr/bin/kinit
	sasl.kerberos.min.time.before.relogin = 60000
	sasl.kerberos.service.name = null
	sasl.kerberos.ticket.renew.jitter = 0.05
	sasl.kerberos.ticket.renew.window.factor = 0.8
	sasl.login.callback.handler.class = null
	sasl.login.class = null
	sasl.login.connect.timeout.ms = null
	sasl.login.read.timeout.ms = null
	sasl.login.refresh.buffer.seconds = 300
	sasl.login.refresh.min.period.seconds = 60
	sasl.login.refresh.window.factor = 0.8
	sasl.login.refresh.window.jitter = 0.05
	sasl.login.retry.backoff.max.ms = 10000
	sasl.login.retry.backoff.ms = 100
	sasl.mechanism = GSSAPI
	sasl.oauthbearer.assertion.algorithm = RS256
	sasl.oauthbearer.assertion.claim.aud = null
	sasl.oauthbearer.assertion.claim.exp.seconds = 300
	sasl.oauthbearer.assertion.claim.iss = null
	sasl.oauthbearer.assertion.claim.jti.include = false
	sasl.oauthbearer.assertion.claim.nbf.seconds = 60
	sasl.oauthbearer.assertion.claim.sub = null
	sasl.oauthbearer.assertion.file = null
	sasl.oauthbearer.assertion.private.key.file = null
	sasl.oauthbearer.assertion.private.key.passphrase = null
	sasl.oauthbearer.assertion.template.file = null
	sasl.oauthbearer.client.credentials.client.id = null
	sasl.oauthbearer.client.credentials.client.secret = null
	sasl.oauthbearer.clock.skew.seconds = 30
	sasl.oauthbearer.expected.audience = []
	sasl.oauthbearer.expected.issuer = null
	sasl.oauthbearer.header.urlencode = false
	sasl.oauthbearer.jwks.endpoint.refresh.ms = 3600000
	sasl.oauthbearer.jwks.endpoint.retry.backoff.max.ms = 10000
	sasl.oauthbearer.jwks.endpoint.retry.backoff.ms = 100
	sasl.oauthbearer.jwks.endpoint.url = null
	sasl.oauthbearer.jwt.retriever.class = class org.apache.kafka.common.security.oauthbearer.DefaultJwtRetriever
	sasl.oauthbearer.jwt.validator.class = class org.apache.kafka.common.security.oauthbearer.DefaultJwtValidator
	sasl.oauthbearer.scope = null
	sasl.oauthbearer.scope.claim.name = scope
	sasl.oauthbearer.sub.claim.name = sub
	sasl.oauthbearer.token.endpoint.url = null
	security.protocol = PLAINTEXT
	security.providers = null
	send.buffer.bytes = 131072
	session.timeout.ms = 45000
	share.acknowledgement.mode = implicit
	share.acquire.mode = BATCH_OPTIMIZED
	socket.connection.setup.timeout.max.ms = 30000
	socket.connection.setup.timeout.ms = 10000
	ssl.cipher.suites = []
	ssl.enabled.protocols = [TLSv1.2, TLSv1.3]
	ssl.endpoint.identification.algorithm = https
	ssl.engine.factory.class = null
	ssl.key.password = null
	ssl.keymanager.algorithm = SunX509
	ssl.keystore.certificate.chain = null
	ssl.keystore.key = null
	ssl.keystore.location = null
	ssl.keystore.password = null
	ssl.keystore.type = JKS
	ssl.protocol = TLSv1.3
	ssl.provider = null
	ssl.secure.random.implementation = null
	ssl.trustmanager.algorithm = PKIX
	ssl.truststore.certificates = null
	ssl.truststore.location = null
	ssl.truststore.password = null
	ssl.truststore.type = JKS
	value.deserializer = class org.apache.kafka.common.serialization.StringDeserializer

2026-07-29T19:10:14.369+05:30  INFO 49044 --- [expense-management-service] [  restartedMain] o.a.k.c.t.i.KafkaMetricsCollector        : initializing Kafka metrics collector
2026-07-29T19:10:14.397+05:30  INFO 49044 --- [expense-management-service] [  restartedMain] o.a.kafka.common.utils.AppInfoParser     : Kafka version: 4.2.1
2026-07-29T19:10:14.398+05:30  INFO 49044 --- [expense-management-service] [  restartedMain] o.a.kafka.common.utils.AppInfoParser     : Kafka commitId: 92f61c44867f39dc
2026-07-29T19:10:14.400+05:30  INFO 49044 --- [expense-management-service] [  restartedMain] o.a.kafka.common.utils.AppInfoParser     : Kafka startTimeMs: 1785332414397
2026-07-29T19:10:14.406+05:30  INFO 49044 --- [expense-management-service] [  restartedMain] o.a.k.c.c.i.ClassicKafkaConsumer         : [Consumer clientId=consumer-xms-employee-consumer-4, groupId=xms-employee-consumer] Subscribed to topic(s): eos_dev.eos.employee_details
2026-07-29T19:10:14.439+05:30  INFO 49044 --- [expense-management-service] [  restartedMain] c.e.ExpenseManagementServiceApplication  : Started ExpenseManagementServiceApplication in 43.032 seconds (process running for 1844.247)
2026-07-29T19:10:14.446+05:30  INFO 49044 --- [expense-management-service] [  restartedMain] .ConditionEvaluationDeltaLoggingListener : Condition evaluation unchanged
2026-07-29T19:10:14.943+05:30  INFO 49044 --- [expense-management-service] [ntainer#0-0-C-1] org.apache.kafka.clients.Metadata        : [Consumer clientId=consumer-xms-employee-consumer-4, groupId=xms-employee-consumer] Cluster ID: redpanda.7de2bd9a-deb3-452b-a588-54332c0a33b8
2026-07-29T19:10:14.967+05:30  INFO 49044 --- [expense-management-service] [ntainer#0-0-C-1] o.a.k.c.c.internals.ConsumerCoordinator  : [Consumer clientId=consumer-xms-employee-consumer-4, groupId=xms-employee-consumer] Discovered group coordinator localhost:19092 (id: 2147483647 rack: null isFenced: false)
2026-07-29T19:10:14.972+05:30  INFO 49044 --- [expense-management-service] [ntainer#0-0-C-1] o.a.k.c.c.internals.ConsumerCoordinator  : [Consumer clientId=consumer-xms-employee-consumer-4, groupId=xms-employee-consumer] (Re-)joining group
2026-07-29T19:10:15.265+05:30  INFO 49044 --- [expense-management-service] [ntainer#0-0-C-1] o.a.k.c.c.internals.ConsumerCoordinator  : [Consumer clientId=consumer-xms-employee-consumer-4, groupId=xms-employee-consumer] Request joining group due to: need to re-join with the given member-id: consumer-xms-employee-consumer-4-9cb4f401-670e-4199-a6f5-832fd0bb0dbf
2026-07-29T19:10:15.268+05:30  INFO 49044 --- [expense-management-service] [ntainer#0-0-C-1] o.a.k.c.c.internals.ConsumerCoordinator  : [Consumer clientId=consumer-xms-employee-consumer-4, groupId=xms-employee-consumer] (Re-)joining group
2026-07-29T19:10:15.314+05:30  INFO 49044 --- [expense-management-service] [ntainer#0-0-C-1] o.a.k.c.c.internals.ConsumerCoordinator  : [Consumer clientId=consumer-xms-employee-consumer-4, groupId=xms-employee-consumer] Successfully joined group with generation Generation{generationId=25, memberId='consumer-xms-employee-consumer-4-9cb4f401-670e-4199-a6f5-832fd0bb0dbf', protocol='range'}
2026-07-29T19:10:15.315+05:30  INFO 49044 --- [expense-management-service] [ntainer#0-0-C-1] o.a.k.c.c.internals.ConsumerCoordinator  : [Consumer clientId=consumer-xms-employee-consumer-4, groupId=xms-employee-consumer] Finished assignment for group at generation 25: {consumer-xms-employee-consumer-4-9cb4f401-670e-4199-a6f5-832fd0bb0dbf=Assignment(partitions=[eos_dev.eos.employee_details-0])}
2026-07-29T19:10:15.729+05:30  INFO 49044 --- [expense-management-service] [ntainer#0-0-C-1] o.a.k.c.c.internals.ConsumerCoordinator  : [Consumer clientId=consumer-xms-employee-consumer-4, groupId=xms-employee-consumer] Successfully synced group in generation Generation{generationId=25, memberId='consumer-xms-employee-consumer-4-9cb4f401-670e-4199-a6f5-832fd0bb0dbf', protocol='range'}
2026-07-29T19:10:15.731+05:30  INFO 49044 --- [expense-management-service] [ntainer#0-0-C-1] o.a.k.c.c.internals.ConsumerCoordinator  : [Consumer clientId=consumer-xms-employee-consumer-4, groupId=xms-employee-consumer] Notifying assignor about the new Assignment(partitions=[eos_dev.eos.employee_details-0])
2026-07-29T19:10:15.732+05:30  INFO 49044 --- [expense-management-service] [ntainer#0-0-C-1] k.c.c.i.ConsumerRebalanceListenerInvoker : [Consumer clientId=consumer-xms-employee-consumer-4, groupId=xms-employee-consumer] Adding newly assigned partitions: [eos_dev.eos.employee_details-0]
2026-07-29T19:10:15.782+05:30  INFO 49044 --- [expense-management-service] [ntainer#0-0-C-1] o.a.k.c.c.internals.ConsumerUtils        : Setting offset for partition eos_dev.eos.employee_details-0 to the committed offset FetchPosition{offset=5, offsetEpoch=Optional.empty, currentLeader=LeaderAndEpoch{leader=Optional[localhost:19092 (id: 0 rack: null isFenced: false)], epoch=absent}}
2026-07-29T19:10:15.784+05:30  INFO 49044 --- [expense-management-service] [ntainer#0-0-C-1] o.s.k.l.KafkaMessageListenerContainer    : xms-employee-consumer: partitions assigned: [eos_dev.eos.employee_details-0]
2026-07-29T19:10:16.074+05:30  INFO 49044 --- [expense-management-service] [   File Watcher] rtingClassPathChangeChangedEventListener : Restarting due to 327 class path changes (327 additions, 0 deletions, 0 modifications)
2026-07-29T19:10:16.087+05:30  INFO 49044 --- [expense-management-service] [ntainer#0-0-C-1] k.c.c.i.ConsumerRebalanceListenerInvoker : [Consumer clientId=consumer-xms-employee-consumer-4, groupId=xms-employee-consumer] Revoke previously assigned partitions [eos_dev.eos.employee_details-0]
2026-07-29T19:10:16.088+05:30  INFO 49044 --- [expense-management-service] [ntainer#0-0-C-1] o.s.k.l.KafkaMessageListenerContainer    : xms-employee-consumer: partitions revoked: [eos_dev.eos.employee_details-0]
2026-07-29T19:10:16.089+05:30  INFO 49044 --- [expense-management-service] [ntainer#0-0-C-1] o.a.k.c.c.internals.ConsumerCoordinator  : [Consumer clientId=consumer-xms-employee-consumer-4, groupId=xms-employee-consumer] Member consumer-xms-employee-consumer-4-9cb4f401-670e-4199-a6f5-832fd0bb0dbf sending LeaveGroup request to coordinator localhost:19092 (id: 2147483647 rack: null isFenced: false) due to the consumer unsubscribed from all topics
2026-07-29T19:10:16.091+05:30  INFO 49044 --- [expense-management-service] [ntainer#0-0-C-1] o.a.k.c.c.internals.ConsumerCoordinator  : [Consumer clientId=consumer-xms-employee-consumer-4, groupId=xms-employee-consumer] Resetting generation and member id due to: consumer pro-actively leaving the group
2026-07-29T19:10:16.092+05:30  INFO 49044 --- [expense-management-service] [ntainer#0-0-C-1] o.a.k.c.c.internals.ConsumerCoordinator  : [Consumer clientId=consumer-xms-employee-consumer-4, groupId=xms-employee-consumer] Request joining group due to: consumer pro-actively leaving the group
2026-07-29T19:10:16.092+05:30  INFO 49044 --- [expense-management-service] [ntainer#0-0-C-1] o.a.k.c.c.i.ClassicKafkaConsumer         : [Consumer clientId=consumer-xms-employee-consumer-4, groupId=xms-employee-consumer] Unsubscribed all topics or patterns and assigned partitions
2026-07-29T19:10:16.095+05:30  INFO 49044 --- [expense-management-service] [ntainer#0-0-C-1] o.a.k.c.c.internals.ConsumerCoordinator  : [Consumer clientId=consumer-xms-employee-consumer-4, groupId=xms-employee-consumer] Resetting generation and member id due to: consumer pro-actively leaving the group
2026-07-29T19:10:16.095+05:30  INFO 49044 --- [expense-management-service] [ntainer#0-0-C-1] o.a.k.c.c.internals.ConsumerCoordinator  : [Consumer clientId=consumer-xms-employee-consumer-4, groupId=xms-employee-consumer] Request joining group due to: consumer pro-actively leaving the group
2026-07-29T19:10:16.381+05:30  INFO 49044 --- [expense-management-service] [ntainer#0-0-C-1] o.a.kafka.clients.FetchSessionHandler    : [Consumer clientId=consumer-xms-employee-consumer-4, groupId=xms-employee-consumer] Node 0 sent an invalid full fetch response with extraPartitions=(eos_dev.eos.employee_details-0), response=(eos_dev.eos.employee_details-0)
2026-07-29T19:10:16.895+05:30  INFO 49044 --- [expense-management-service] [ntainer#0-0-C-1] o.apache.kafka.common.metrics.Metrics    : Metrics scheduler closed
2026-07-29T19:10:16.897+05:30  INFO 49044 --- [expense-management-service] [ntainer#0-0-C-1] o.apache.kafka.common.metrics.Metrics    : Closing reporter org.apache.kafka.common.metrics.JmxReporter
2026-07-29T19:10:16.898+05:30  INFO 49044 --- [expense-management-service] [ntainer#0-0-C-1] o.apache.kafka.common.metrics.Metrics    : Closing reporter org.apache.kafka.common.telemetry.internals.ClientTelemetryReporter
2026-07-29T19:10:16.899+05:30  INFO 49044 --- [expense-management-service] [ntainer#0-0-C-1] o.apache.kafka.common.metrics.Metrics    : Metrics reporters closed
2026-07-29T19:10:16.911+05:30  INFO 49044 --- [expense-management-service] [ntainer#0-0-C-1] o.a.kafka.common.utils.AppInfoParser     : App info kafka.consumer for consumer-xms-employee-consumer-4 unregistered
2026-07-29T19:10:16.912+05:30  INFO 49044 --- [expense-management-service] [ntainer#0-0-C-1] o.s.k.l.KafkaMessageListenerContainer    : xms-employee-consumer: Consumer stopped
2026-07-29T19:10:16.914+05:30  INFO 49044 --- [expense-management-service] [      Thread-13] o.s.boot.tomcat.GracefulShutdown         : Commencing graceful shutdown. Waiting for active requests to complete
2026-07-29T19:10:17.171+05:30  INFO 49044 --- [expense-management-service] [tomcat-shutdown] o.s.boot.tomcat.GracefulShutdown         : Graceful shutdown complete
2026-07-29T19:10:17.310+05:30  INFO 49044 --- [expense-management-service] [      Thread-13] j.LocalContainerEntityManagerFactoryBean : Closing JPA EntityManagerFactory for persistence unit 'default'
2026-07-29T19:10:17.315+05:30  INFO 49044 --- [expense-management-service] [      Thread-13] com.zaxxer.hikari.HikariDataSource       : ExpenseManagementPool - Shutdown initiated...
2026-07-29T19:10:17.352+05:30  INFO 49044 --- [expense-management-service] [      Thread-13] com.zaxxer.hikari.HikariDataSource       : ExpenseManagementPool - Shutdown completed.

  .   ____          _            __ _ _
 /\\ / ___'_ __ _ _(_)_ __  __ _ \ \ \ \
( ( )\___ | '_ | '_| | '_ \/ _` | \ \ \ \
 \\/  ___)| |_)| | | | | || (_| |  ) ) ) )
  '  |____| .__|_| |_|_| |_\__, | / / / /
 =========|_|==============|___/=/_/_/_/

 :: Spring Boot ::                (v4.1.0)

2026-07-29T19:10:17.925+05:30  INFO 49044 --- [expense-management-service] [  restartedMain] m.p.springdotenv.DotenvPropertySource    : Initialized Dotenv with DotenvConfig[enabled=true, directory=null, filename=.env, ignoreIfMalformed=false, ignoreIfMissing=true, exportToSystemProperties=false]
2026-07-29T19:10:17.937+05:30  INFO 49044 --- [expense-management-service] [  restartedMain] c.e.ExpenseManagementServiceApplication  : Starting ExpenseManagementServiceApplication using Java 24.0.1 with PID 49044 (C:\Users\Ajaykumar.Korada\Desktop\intranet\intranet-be\EMS\Expense_Management_Service\target\classes started by Ajaykumar.Korada in C:\Users\Ajaykumar.Korada\Desktop\intranet\intranet-be\EMS\Expense_Management_Service)
2026-07-29T19:10:17.938+05:30 DEBUG 49044 --- [expense-management-service] [  restartedMain] c.e.ExpenseManagementServiceApplication  : Running with Spring Boot v4.1.0, Spring v7.0.8
2026-07-29T19:10:17.939+05:30  INFO 49044 --- [expense-management-service] [  restartedMain] c.e.ExpenseManagementServiceApplication  : No active profile set, falling back to 1 default profile: "default"
2026-07-29T19:10:26.023+05:30  INFO 49044 --- [expense-management-service] [  restartedMain] .s.d.r.c.RepositoryConfigurationDelegate : Multiple Spring Data modules found, entering strict repository configuration mode
2026-07-29T19:10:26.024+05:30  INFO 49044 --- [expense-management-service] [  restartedMain] .s.d.r.c.RepositoryConfigurationDelegate : Bootstrapping Spring Data JPA repositories in DEFAULT mode.
2026-07-29T19:10:26.839+05:30  INFO 49044 --- [expense-management-service] [  restartedMain] .s.d.r.c.RepositoryConfigurationDelegate : Finished Spring Data repository scanning in 809 ms. Found 28 JPA repository interfaces.
2026-07-29T19:10:26.925+05:30  INFO 49044 --- [expense-management-service] [  restartedMain] .s.d.r.c.RepositoryConfigurationDelegate : Multiple Spring Data modules found, entering strict repository configuration mode
2026-07-29T19:10:26.927+05:30  INFO 49044 --- [expense-management-service] [  restartedMain] .s.d.r.c.RepositoryConfigurationDelegate : Bootstrapping Spring Data Redis repositories in DEFAULT mode.
2026-07-29T19:10:27.010+05:30  INFO 49044 --- [expense-management-service] [  restartedMain] .RepositoryConfigurationExtensionSupport : Spring Data Redis - Could not safely identify store assignment for repository candidate interface com.expense_management_service.repository.ApprovalDelegationRepository; If you want this repository to be a Redis repository, consider annotating your entities with one of these annotations: org.springframework.data.redis.core.RedisHash (preferred), or consider extending one of the following types with your repository: org.springframework.data.keyvalue.repository.KeyValueRepository
2026-07-29T19:10:27.012+05:30  INFO 49044 --- [expense-management-service] [  restartedMain] .RepositoryConfigurationExtensionSupport : Spring Data Redis - Could not safely identify store assignment for repository candidate interface com.expense_management_service.repository.ApprovalMatrixRepository; If you want this repository to be a Redis repository, consider annotating your entities with one of these annotations: org.springframework.data.redis.core.RedisHash (preferred), or consider extending one of the following types with your repository: org.springframework.data.keyvalue.repository.KeyValueRepository
2026-07-29T19:10:27.014+05:30  INFO 49044 --- [expense-management-service] [  restartedMain] .RepositoryConfigurationExtensionSupport : Spring Data Redis - Could not safely identify store assignment for repository candidate interface com.expense_management_service.repository.ApprovalTaskRepository; If you want this repository to be a Redis repository, consider annotating your entities with one of these annotations: org.springframework.data.redis.core.RedisHash (preferred), or consider extending one of the following types with your repository: org.springframework.data.keyvalue.repository.KeyValueRepository
2026-07-29T19:10:27.016+05:30  INFO 49044 --- [expense-management-service] [  restartedMain] .RepositoryConfigurationExtensionSupport : Spring Data Redis - Could not safely identify store assignment for repository candidate interface com.expense_management_service.repository.AuditLogRepository; If you want this repository to be a Redis repository, consider annotating your entities with one of these annotations: org.springframework.data.redis.core.RedisHash (preferred), or consider extending one of the following types with your repository: org.springframework.data.keyvalue.repository.KeyValueRepository
2026-07-29T19:10:27.019+05:30  INFO 49044 --- [expense-management-service] [  restartedMain] .RepositoryConfigurationExtensionSupport : Spring Data Redis - Could not safely identify store assignment for repository candidate interface com.expense_management_service.repository.CashAdvanceAdjustmentRepository; If you want this repository to be a Redis repository, consider annotating your entities with one of these annotations: org.springframework.data.redis.core.RedisHash (preferred), or consider extending one of the following types with your repository: org.springframework.data.keyvalue.repository.KeyValueRepository
2026-07-29T19:10:27.020+05:30  INFO 49044 --- [expense-management-service] [  restartedMain] .RepositoryConfigurationExtensionSupport : Spring Data Redis - Could not safely identify store assignment for repository candidate interface com.expense_management_service.repository.CashAdvanceRepository; If you want this repository to be a Redis repository, consider annotating your entities with one of these annotations: org.springframework.data.redis.core.RedisHash (preferred), or consider extending one of the following types with your repository: org.springframework.data.keyvalue.repository.KeyValueRepository
2026-07-29T19:10:27.021+05:30  INFO 49044 --- [expense-management-service] [  restartedMain] .RepositoryConfigurationExtensionSupport : Spring Data Redis - Could not safely identify store assignment for repository candidate interface com.expense_management_service.repository.CdcFailureLogRepository; If you want this repository to be a Redis repository, consider annotating your entities with one of these annotations: org.springframework.data.redis.core.RedisHash (preferred), or consider extending one of the following types with your repository: org.springframework.data.keyvalue.repository.KeyValueRepository
2026-07-29T19:10:27.022+05:30  INFO 49044 --- [expense-management-service] [  restartedMain] .RepositoryConfigurationExtensionSupport : Spring Data Redis - Could not safely identify store assignment for repository candidate interface com.expense_management_service.repository.CostAllocationRepository; If you want this repository to be a Redis repository, consider annotating your entities with one of these annotations: org.springframework.data.redis.core.RedisHash (preferred), or consider extending one of the following types with your repository: org.springframework.data.keyvalue.repository.KeyValueRepository
2026-07-29T19:10:27.025+05:30  INFO 49044 --- [expense-management-service] [  restartedMain] .RepositoryConfigurationExtensionSupport : Spring Data Redis - Could not safely identify store assignment for repository candidate interface com.expense_management_service.repository.CostCenterBudgetRepository; If you want this repository to be a Redis repository, consider annotating your entities with one of these annotations: org.springframework.data.redis.core.RedisHash (preferred), or consider extending one of the following types with your repository: org.springframework.data.keyvalue.repository.KeyValueRepository
2026-07-29T19:10:27.027+05:30  INFO 49044 --- [expense-management-service] [  restartedMain] .RepositoryConfigurationExtensionSupport : Spring Data Redis - Could not safely identify store assignment for repository candidate interface com.expense_management_service.repository.CostCenterRepository; If you want this repository to be a Redis repository, consider annotating your entities with one of these annotations: org.springframework.data.redis.core.RedisHash (preferred), or consider extending one of the following types with your repository: org.springframework.data.keyvalue.repository.KeyValueRepository
2026-07-29T19:10:27.028+05:30  INFO 49044 --- [expense-management-service] [  restartedMain] .RepositoryConfigurationExtensionSupport : Spring Data Redis - Could not safely identify store assignment for repository candidate interface com.expense_management_service.repository.CurrencyRepository; If you want this repository to be a Redis repository, consider annotating your entities with one of these annotations: org.springframework.data.redis.core.RedisHash (preferred), or consider extending one of the following types with your repository: org.springframework.data.keyvalue.repository.KeyValueRepository
2026-07-29T19:10:27.030+05:30  INFO 49044 --- [expense-management-service] [  restartedMain] .RepositoryConfigurationExtensionSupport : Spring Data Redis - Could not safely identify store assignment for repository candidate interface com.expense_management_service.repository.EmployeeCacheRepository; If you want this repository to be a Redis repository, consider annotating your entities with one of these annotations: org.springframework.data.redis.core.RedisHash (preferred), or consider extending one of the following types with your repository: org.springframework.data.keyvalue.repository.KeyValueRepository
2026-07-29T19:10:27.031+05:30  INFO 49044 --- [expense-management-service] [  restartedMain] .RepositoryConfigurationExtensionSupport : Spring Data Redis - Could not safely identify store assignment for repository candidate interface com.expense_management_service.repository.ExchangeRateRepository; If you want this repository to be a Redis repository, consider annotating your entities with one of these annotations: org.springframework.data.redis.core.RedisHash (preferred), or consider extending one of the following types with your repository: org.springframework.data.keyvalue.repository.KeyValueRepository
2026-07-29T19:10:27.034+05:30  INFO 49044 --- [expense-management-service] [  restartedMain] .RepositoryConfigurationExtensionSupport : Spring Data Redis - Could not safely identify store assignment for repository candidate interface com.expense_management_service.repository.ExpenseCategoryRepository; If you want this repository to be a Redis repository, consider annotating your entities with one of these annotations: org.springframework.data.redis.core.RedisHash (preferred), or consider extending one of the following types with your repository: org.springframework.data.keyvalue.repository.KeyValueRepository
2026-07-29T19:10:27.035+05:30  INFO 49044 --- [expense-management-service] [  restartedMain] .RepositoryConfigurationExtensionSupport : Spring Data Redis - Could not safely identify store assignment for repository candidate interface com.expense_management_service.repository.ExpenseLineItemRepository; If you want this repository to be a Redis repository, consider annotating your entities with one of these annotations: org.springframework.data.redis.core.RedisHash (preferred), or consider extending one of the following types with your repository: org.springframework.data.keyvalue.repository.KeyValueRepository
2026-07-29T19:10:27.039+05:30  INFO 49044 --- [expense-management-service] [  restartedMain] .RepositoryConfigurationExtensionSupport : Spring Data Redis - Could not safely identify store assignment for repository candidate interface com.expense_management_service.repository.ExpenseReportRepository; If you want this repository to be a Redis repository, consider annotating your entities with one of these annotations: org.springframework.data.redis.core.RedisHash (preferred), or consider extending one of the following types with your repository: org.springframework.data.keyvalue.repository.KeyValueRepository
2026-07-29T19:10:27.041+05:30  INFO 49044 --- [expense-management-service] [  restartedMain] .RepositoryConfigurationExtensionSupport : Spring Data Redis - Could not safely identify store assignment for repository candidate interface com.expense_management_service.repository.GlAccountRepository; If you want this repository to be a Redis repository, consider annotating your entities with one of these annotations: org.springframework.data.redis.core.RedisHash (preferred), or consider extending one of the following types with your repository: org.springframework.data.keyvalue.repository.KeyValueRepository
2026-07-29T19:10:27.041+05:30  INFO 49044 --- [expense-management-service] [  restartedMain] .RepositoryConfigurationExtensionSupport : Spring Data Redis - Could not safely identify store assignment for repository candidate interface com.expense_management_service.repository.IntegrationSyncRepository; If you want this repository to be a Redis repository, consider annotating your entities with one of these annotations: org.springframework.data.redis.core.RedisHash (preferred), or consider extending one of the following types with your repository: org.springframework.data.keyvalue.repository.KeyValueRepository
2026-07-29T19:10:27.043+05:30  INFO 49044 --- [expense-management-service] [  restartedMain] .RepositoryConfigurationExtensionSupport : Spring Data Redis - Could not safely identify store assignment for repository candidate interface com.expense_management_service.repository.InvoiceSyncRepository; If you want this repository to be a Redis repository, consider annotating your entities with one of these annotations: org.springframework.data.redis.core.RedisHash (preferred), or consider extending one of the following types with your repository: org.springframework.data.keyvalue.repository.KeyValueRepository
2026-07-29T19:10:27.047+05:30  INFO 49044 --- [expense-management-service] [  restartedMain] .RepositoryConfigurationExtensionSupport : Spring Data Redis - Could not safely identify store assignment for repository candidate interface com.expense_management_service.repository.NotificationRepository; If you want this repository to be a Redis repository, consider annotating your entities with one of these annotations: org.springframework.data.redis.core.RedisHash (preferred), or consider extending one of the following types with your repository: org.springframework.data.keyvalue.repository.KeyValueRepository
2026-07-29T19:10:27.049+05:30  INFO 49044 --- [expense-management-service] [  restartedMain] .RepositoryConfigurationExtensionSupport : Spring Data Redis - Could not safely identify store assignment for repository candidate interface com.expense_management_service.repository.PolicyRuleRepository; If you want this repository to be a Redis repository, consider annotating your entities with one of these annotations: org.springframework.data.redis.core.RedisHash (preferred), or consider extending one of the following types with your repository: org.springframework.data.keyvalue.repository.KeyValueRepository
2026-07-29T19:10:27.050+05:30  INFO 49044 --- [expense-management-service] [  restartedMain] .RepositoryConfigurationExtensionSupport : Spring Data Redis - Could not safely identify store assignment for repository candidate interface com.expense_management_service.repository.PolicyViolationRepository; If you want this repository to be a Redis repository, consider annotating your entities with one of these annotations: org.springframework.data.redis.core.RedisHash (preferred), or consider extending one of the following types with your repository: org.springframework.data.keyvalue.repository.KeyValueRepository
2026-07-29T19:10:27.051+05:30  INFO 49044 --- [expense-management-service] [  restartedMain] .RepositoryConfigurationExtensionSupport : Spring Data Redis - Could not safely identify store assignment for repository candidate interface com.expense_management_service.repository.ProjectCacheRepository; If you want this repository to be a Redis repository, consider annotating your entities with one of these annotations: org.springframework.data.redis.core.RedisHash (preferred), or consider extending one of the following types with your repository: org.springframework.data.keyvalue.repository.KeyValueRepository
2026-07-29T19:10:27.053+05:30  INFO 49044 --- [expense-management-service] [  restartedMain] .RepositoryConfigurationExtensionSupport : Spring Data Redis - Could not safely identify store assignment for repository candidate interface com.expense_management_service.repository.ReceiptOcrRepository; If you want this repository to be a Redis repository, consider annotating your entities with one of these annotations: org.springframework.data.redis.core.RedisHash (preferred), or consider extending one of the following types with your repository: org.springframework.data.keyvalue.repository.KeyValueRepository
2026-07-29T19:10:27.054+05:30  INFO 49044 --- [expense-management-service] [  restartedMain] .RepositoryConfigurationExtensionSupport : Spring Data Redis - Could not safely identify store assignment for repository candidate interface com.expense_management_service.repository.ReceiptRepository; If you want this repository to be a Redis repository, consider annotating your entities with one of these annotations: org.springframework.data.redis.core.RedisHash (preferred), or consider extending one of the following types with your repository: org.springframework.data.keyvalue.repository.KeyValueRepository
2026-07-29T19:10:27.056+05:30  INFO 49044 --- [expense-management-service] [  restartedMain] .RepositoryConfigurationExtensionSupport : Spring Data Redis - Could not safely identify store assignment for repository candidate interface com.expense_management_service.repository.SavedFilterRepository; If you want this repository to be a Redis repository, consider annotating your entities with one of these annotations: org.springframework.data.redis.core.RedisHash (preferred), or consider extending one of the following types with your repository: org.springframework.data.keyvalue.repository.KeyValueRepository
2026-07-29T19:10:27.057+05:30  INFO 49044 --- [expense-management-service] [  restartedMain] .RepositoryConfigurationExtensionSupport : Spring Data Redis - Could not safely identify store assignment for repository candidate interface com.expense_management_service.repository.SystemConfigurationRepository; If you want this repository to be a Redis repository, consider annotating your entities with one of these annotations: org.springframework.data.redis.core.RedisHash (preferred), or consider extending one of the following types with your repository: org.springframework.data.keyvalue.repository.KeyValueRepository
2026-07-29T19:10:27.063+05:30  INFO 49044 --- [expense-management-service] [  restartedMain] .RepositoryConfigurationExtensionSupport : Spring Data Redis - Could not safely identify store assignment for repository candidate interface com.expense_management_service.repository.VerificationQueryRepository; If you want this repository to be a Redis repository, consider annotating your entities with one of these annotations: org.springframework.data.redis.core.RedisHash (preferred), or consider extending one of the following types with your repository: org.springframework.data.keyvalue.repository.KeyValueRepository
2026-07-29T19:10:27.064+05:30  INFO 49044 --- [expense-management-service] [  restartedMain] .s.d.r.c.RepositoryConfigurationDelegate : Finished Spring Data repository scanning in 129 ms. Found 0 Redis repository interfaces.
2026-07-29T19:10:29.179+05:30  INFO 49044 --- [expense-management-service] [  restartedMain] o.s.boot.tomcat.TomcatWebServer          : Tomcat initialized with port 8080 (http)
2026-07-29T19:10:29.182+05:30  INFO 49044 --- [expense-management-service] [  restartedMain] o.apache.catalina.core.StandardService   : Starting service [Tomcat]
2026-07-29T19:10:29.185+05:30  INFO 49044 --- [expense-management-service] [  restartedMain] o.apache.catalina.core.StandardEngine    : Starting Servlet engine: [Apache Tomcat/11.0.22]
2026-07-29T19:10:29.578+05:30  INFO 49044 --- [expense-management-service] [  restartedMain] b.w.c.s.WebApplicationContextInitializer : Root WebApplicationContext: initialization completed in 11632 ms
2026-07-29T19:10:30.112+05:30 DEBUG 49044 --- [expense-management-service] [  restartedMain] o.s.w.f.ServerHttpObservationFilter      : Filter 'webMvcObservationFilter' configured for use
2026-07-29T19:10:30.348+05:30  INFO 49044 --- [expense-management-service] [  restartedMain] com.zaxxer.hikari.HikariDataSource       : ExpenseManagementPool - Starting...
2026-07-29T19:10:31.043+05:30  INFO 49044 --- [expense-management-service] [  restartedMain] com.zaxxer.hikari.pool.HikariPool        : ExpenseManagementPool - Added connection com.mysql.cj.jdbc.ConnectionImpl@4e7c1c0c
2026-07-29T19:10:31.044+05:30  INFO 49044 --- [expense-management-service] [  restartedMain] com.zaxxer.hikari.HikariDataSource       : ExpenseManagementPool - Start completed.
2026-07-29T19:10:31.094+05:30  INFO 49044 --- [expense-management-service] [  restartedMain] org.flywaydb.core.FlywayExecutor         : Database: jdbc:mysql://mysql-2652f645-expensemanagement.d.aivencloud.com:18971/expense_management?sslMode=REQUIRED&serverTimezone=UTC (MySQL 8.4)
2026-07-29T19:10:32.172+05:30  INFO 49044 --- [expense-management-service] [  restartedMain] o.f.core.internal.command.DbValidate     : Successfully validated 5 migrations (execution time 00:00.408s)
2026-07-29T19:10:32.953+05:30  INFO 49044 --- [expense-management-service] [  restartedMain] o.f.core.internal.command.DbMigrate      : Current version of schema `expense_management`: 5
2026-07-29T19:10:33.007+05:30  INFO 49044 --- [expense-management-service] [  restartedMain] o.f.core.internal.command.DbMigrate      : Schema `expense_management` is up to date. No migration necessary.
2026-07-29T19:10:33.715+05:30  INFO 49044 --- [expense-management-service] [  restartedMain] org.hibernate.orm.jpa                    : HHH008540: Processing PersistenceUnitInfo [name: default]
2026-07-29T19:10:34.234+05:30  INFO 49044 --- [expense-management-service] [  restartedMain] o.s.o.j.p.SpringPersistenceUnitInfo      : No LoadTimeWeaver setup: ignoring JPA class transformer
2026-07-29T19:10:34.364+05:30  WARN 49044 --- [expense-management-service] [  restartedMain] org.hibernate.orm.deprecation            : HHH90000025: MySQLDialect does not need to be specified explicitly using 'hibernate.dialect' (remove the property setting and it will be selected by default)
2026-07-29T19:10:34.422+05:30  INFO 49044 --- [expense-management-service] [  restartedMain] org.hibernate.orm.connections.pooling    : HHH10001005: Database info:
	Database JDBC URL [jdbc:mysql://mysql-2652f645-expensemanagement.d.aivencloud.com:18971/expense_management?sslMode=REQUIRED&serverTimezone=UTC]
	Database driver: MySQL Connector/J
	Database dialect: MySQLDialect
	Database version: 8.4.8
	Default catalog/schema: expense_management/undefined
	Autocommit mode: undefined/unknown
	Isolation level: REPEATABLE_READ [default REPEATABLE_READ]
	JDBC fetch size: none
	Pool: DataSourceConnectionProvider
	Minimum pool size: undefined/unknown
	Maximum pool size: undefined/unknown
2026-07-29T19:10:40.098+05:30  INFO 49044 --- [expense-management-service] [  restartedMain] org.hibernate.orm.core                   : HHH000489: No JTA platform available (set 'hibernate.transaction.jta.platform' to enable JTA platform integration)
2026-07-29T19:10:40.604+05:30  INFO 49044 --- [expense-management-service] [  restartedMain] j.LocalContainerEntityManagerFactoryBean : Initialized JPA EntityManagerFactory for persistence unit 'default'
2026-07-29T19:10:46.572+05:30 DEBUG 49044 --- [expense-management-service] [  restartedMain] swordEncoderAuthenticationManagerBuilder : No authenticationProviders and no parentAuthenticationManager defined. Returning null.
2026-07-29T19:10:47.168+05:30 DEBUG 49044 --- [expense-management-service] [  restartedMain] o.s.s.web.DefaultSecurityFilterChain     : Will secure any request with filters: DisableEncodeUrlFilter, WebAsyncManagerIntegrationFilter, SecurityContextHolderFilter, HeaderWriterFilter, CorsFilter, LogoutFilter, OAuth2ProtectedResourceMetadataFilter, BearerTokenAuthenticationFilter, RequestCacheAwareFilter, SecurityContextHolderAwareRequestFilter, AnonymousAuthenticationFilter, SessionManagementFilter, ExceptionTranslationFilter, AuthorizationFilter
2026-07-29T19:10:47.608+05:30 DEBUG 49044 --- [expense-management-service] [  restartedMain] s.w.s.m.m.a.RequestMappingHandlerMapping : 146 mappings in 'requestMappingHandlerMapping'
2026-07-29T19:10:47.743+05:30 DEBUG 49044 --- [expense-management-service] [  restartedMain] o.s.w.s.handler.SimpleUrlHandlerMapping  : Patterns [/webjars/**, /**, /swagger-ui*/*swagger-initializer.js, /swagger-ui*/**] in 'resourceHandlerMapping'
2026-07-29T19:10:47.826+05:30 DEBUG 49044 --- [expense-management-service] [  restartedMain] s.w.s.m.m.a.RequestMappingHandlerAdapter : ControllerAdvice beans: 0 @ModelAttribute, 0 @InitBinder, 2 RequestBodyAdvice, 1 ResponseBodyAdvice
2026-07-29T19:10:47.942+05:30 DEBUG 49044 --- [expense-management-service] [  restartedMain] .m.m.a.ExceptionHandlerExceptionResolver : ControllerAdvice beans: 2 @ExceptionHandler, 1 ResponseBodyAdvice
2026-07-29T19:10:50.019+05:30  INFO 49044 --- [expense-management-service] [  restartedMain] o.s.b.a.e.web.EndpointLinksResolver      : Exposing 2 endpoints beneath base path '/actuator'
2026-07-29T19:10:50.291+05:30  INFO 49044 --- [expense-management-service] [  restartedMain] o.s.boot.tomcat.TomcatWebServer          : Tomcat started on port 8080 (http) with context path '/'
2026-07-29T19:10:50.312+05:30  INFO 49044 --- [expense-management-service] [  restartedMain] o.a.kafka.common.config.AbstractConfig   : ConsumerConfig values: 
	allow.auto.create.topics = true
	auto.commit.interval.ms = 5000
	auto.offset.reset = earliest
	bootstrap.servers = [localhost:19092]
	check.crcs = true
	client.dns.lookup = use_all_dns_ips
	client.id = consumer-xms-employee-consumer-5
	client.rack = 
	config.providers = []
	connections.max.idle.ms = 540000
	default.api.timeout.ms = 60000
	enable.auto.commit = false
	enable.metrics.push = true
	exclude.internal.topics = true
	fetch.max.bytes = 52428800
	fetch.max.wait.ms = 500
	fetch.min.bytes = 1
	group.id = xms-employee-consumer
	group.instance.id = null
	group.protocol = classic
	group.remote.assignor = null
	heartbeat.interval.ms = 3000
	interceptor.classes = []
	internal.throw.on.fetch.stable.offset.unsupported = false
	isolation.level = read_uncommitted
	key.deserializer = class org.apache.kafka.common.serialization.StringDeserializer
	max.partition.fetch.bytes = 1048576
	max.poll.interval.ms = 300000
	max.poll.records = 500
	metadata.max.age.ms = 300000
	metadata.recovery.rebootstrap.trigger.ms = 300000
	metadata.recovery.strategy = rebootstrap
	metric.reporters = [org.apache.kafka.common.metrics.JmxReporter]
	metrics.num.samples = 2
	metrics.recording.level = INFO
	metrics.sample.window.ms = 30000
	partition.assignment.strategy = [class org.apache.kafka.clients.consumer.RangeAssignor, class org.apache.kafka.clients.consumer.CooperativeStickyAssignor]
	receive.buffer.bytes = 65536
	reconnect.backoff.max.ms = 1000
	reconnect.backoff.ms = 50
	request.timeout.ms = 30000
	retry.backoff.max.ms = 1000
	retry.backoff.ms = 100
	sasl.client.callback.handler.class = null
	sasl.jaas.config = null
	sasl.kerberos.kinit.cmd = /usr/bin/kinit
	sasl.kerberos.min.time.before.relogin = 60000
	sasl.kerberos.service.name = null
	sasl.kerberos.ticket.renew.jitter = 0.05
	sasl.kerberos.ticket.renew.window.factor = 0.8
	sasl.login.callback.handler.class = null
	sasl.login.class = null
	sasl.login.connect.timeout.ms = null
	sasl.login.read.timeout.ms = null
	sasl.login.refresh.buffer.seconds = 300
	sasl.login.refresh.min.period.seconds = 60
	sasl.login.refresh.window.factor = 0.8
	sasl.login.refresh.window.jitter = 0.05
	sasl.login.retry.backoff.max.ms = 10000
	sasl.login.retry.backoff.ms = 100
	sasl.mechanism = GSSAPI
	sasl.oauthbearer.assertion.algorithm = RS256
	sasl.oauthbearer.assertion.claim.aud = null
	sasl.oauthbearer.assertion.claim.exp.seconds = 300
	sasl.oauthbearer.assertion.claim.iss = null
	sasl.oauthbearer.assertion.claim.jti.include = false
	sasl.oauthbearer.assertion.claim.nbf.seconds = 60
	sasl.oauthbearer.assertion.claim.sub = null
	sasl.oauthbearer.assertion.file = null
	sasl.oauthbearer.assertion.private.key.file = null
	sasl.oauthbearer.assertion.private.key.passphrase = null
	sasl.oauthbearer.assertion.template.file = null
	sasl.oauthbearer.client.credentials.client.id = null
	sasl.oauthbearer.client.credentials.client.secret = null
	sasl.oauthbearer.clock.skew.seconds = 30
	sasl.oauthbearer.expected.audience = []
	sasl.oauthbearer.expected.issuer = null
	sasl.oauthbearer.header.urlencode = false
	sasl.oauthbearer.jwks.endpoint.refresh.ms = 3600000
	sasl.oauthbearer.jwks.endpoint.retry.backoff.max.ms = 10000
	sasl.oauthbearer.jwks.endpoint.retry.backoff.ms = 100
	sasl.oauthbearer.jwks.endpoint.url = null
	sasl.oauthbearer.jwt.retriever.class = class org.apache.kafka.common.security.oauthbearer.DefaultJwtRetriever
	sasl.oauthbearer.jwt.validator.class = class org.apache.kafka.common.security.oauthbearer.DefaultJwtValidator
	sasl.oauthbearer.scope = null
	sasl.oauthbearer.scope.claim.name = scope
	sasl.oauthbearer.sub.claim.name = sub
	sasl.oauthbearer.token.endpoint.url = null
	security.protocol = PLAINTEXT
	security.providers = null
	send.buffer.bytes = 131072
	session.timeout.ms = 45000
	share.acknowledgement.mode = implicit
	share.acquire.mode = BATCH_OPTIMIZED
	socket.connection.setup.timeout.max.ms = 30000
	socket.connection.setup.timeout.ms = 10000
	ssl.cipher.suites = []
	ssl.enabled.protocols = [TLSv1.2, TLSv1.3]
	ssl.endpoint.identification.algorithm = https
	ssl.engine.factory.class = null
	ssl.key.password = null
	ssl.keymanager.algorithm = SunX509
	ssl.keystore.certificate.chain = null
	ssl.keystore.key = null
	ssl.keystore.location = null
	ssl.keystore.password = null
	ssl.keystore.type = JKS
	ssl.protocol = TLSv1.3
	ssl.provider = null
	ssl.secure.random.implementation = null
	ssl.trustmanager.algorithm = PKIX
	ssl.truststore.certificates = null
	ssl.truststore.location = null
	ssl.truststore.password = null
	ssl.truststore.type = JKS
	value.deserializer = class org.apache.kafka.common.serialization.StringDeserializer

2026-07-29T19:10:50.340+05:30  INFO 49044 --- [expense-management-service] [  restartedMain] o.a.k.c.t.i.KafkaMetricsCollector        : initializing Kafka metrics collector
2026-07-29T19:10:50.397+05:30  INFO 49044 --- [expense-management-service] [  restartedMain] o.a.kafka.common.utils.AppInfoParser     : Kafka version: 4.2.1
2026-07-29T19:10:50.428+05:30  INFO 49044 --- [expense-management-service] [  restartedMain] o.a.kafka.common.utils.AppInfoParser     : Kafka commitId: 92f61c44867f39dc
2026-07-29T19:10:50.461+05:30  INFO 49044 --- [expense-management-service] [  restartedMain] o.a.kafka.common.utils.AppInfoParser     : Kafka startTimeMs: 1785332450397
2026-07-29T19:10:50.490+05:30  INFO 49044 --- [expense-management-service] [  restartedMain] o.a.k.c.c.i.ClassicKafkaConsumer         : [Consumer clientId=consumer-xms-employee-consumer-5, groupId=xms-employee-consumer] Subscribed to topic(s): eos_dev.eos.employee_details
2026-07-29T19:10:50.548+05:30  INFO 49044 --- [expense-management-service] [  restartedMain] c.e.ExpenseManagementServiceApplication  : Started ExpenseManagementServiceApplication in 32.875 seconds (process running for 1880.355)
2026-07-29T19:10:50.574+05:30  INFO 49044 --- [expense-management-service] [  restartedMain] .ConditionEvaluationDeltaLoggingListener : Condition evaluation unchanged
2026-07-29T19:10:50.623+05:30  INFO 49044 --- [expense-management-service] [ntainer#0-0-C-1] org.apache.kafka.clients.Metadata        : [Consumer clientId=consumer-xms-employee-consumer-5, groupId=xms-employee-consumer] Cluster ID: redpanda.7de2bd9a-deb3-452b-a588-54332c0a33b8
2026-07-29T19:10:50.647+05:30  INFO 49044 --- [expense-management-service] [ntainer#0-0-C-1] o.a.k.c.c.internals.ConsumerCoordinator  : [Consumer clientId=consumer-xms-employee-consumer-5, groupId=xms-employee-consumer] Discovered group coordinator localhost:19092 (id: 2147483647 rack: null isFenced: false)
2026-07-29T19:10:50.678+05:30  INFO 49044 --- [expense-management-service] [ntainer#0-0-C-1] o.a.k.c.c.internals.ConsumerCoordinator  : [Consumer clientId=consumer-xms-employee-consumer-5, groupId=xms-employee-consumer] (Re-)joining group
2026-07-29T19:10:50.767+05:30  INFO 49044 --- [expense-management-service] [ntainer#0-0-C-1] o.a.k.c.c.internals.ConsumerCoordinator  : [Consumer clientId=consumer-xms-employee-consumer-5, groupId=xms-employee-consumer] Request joining group due to: need to re-join with the given member-id: consumer-xms-employee-consumer-5-f70cd85e-34ef-49ee-b952-71ba0a468b81
2026-07-29T19:10:50.785+05:30  INFO 49044 --- [expense-management-service] [ntainer#0-0-C-1] o.a.k.c.c.internals.ConsumerCoordinator  : [Consumer clientId=consumer-xms-employee-consumer-5, groupId=xms-employee-consumer] (Re-)joining group
2026-07-29T19:10:50.823+05:30  INFO 49044 --- [expense-management-service] [ntainer#0-0-C-1] o.a.k.c.c.internals.ConsumerCoordinator  : [Consumer clientId=consumer-xms-employee-consumer-5, groupId=xms-employee-consumer] Successfully joined group with generation Generation{generationId=27, memberId='consumer-xms-employee-consumer-5-f70cd85e-34ef-49ee-b952-71ba0a468b81', protocol='range'}
2026-07-29T19:10:50.849+05:30  INFO 49044 --- [expense-management-service] [ntainer#0-0-C-1] o.a.k.c.c.internals.ConsumerCoordinator  : [Consumer clientId=consumer-xms-employee-consumer-5, groupId=xms-employee-consumer] Finished assignment for group at generation 27: {consumer-xms-employee-consumer-5-f70cd85e-34ef-49ee-b952-71ba0a468b81=Assignment(partitions=[eos_dev.eos.employee_details-0])}
2026-07-29T19:10:50.946+05:30  INFO 49044 --- [expense-management-service] [ntainer#0-0-C-1] o.a.k.c.c.internals.ConsumerCoordinator  : [Consumer clientId=consumer-xms-employee-consumer-5, groupId=xms-employee-consumer] Successfully synced group in generation Generation{generationId=27, memberId='consumer-xms-employee-consumer-5-f70cd85e-34ef-49ee-b952-71ba0a468b81', protocol='range'}
2026-07-29T19:10:51.029+05:30  INFO 49044 --- [expense-management-service] [ntainer#0-0-C-1] o.a.k.c.c.internals.ConsumerCoordinator  : [Consumer clientId=consumer-xms-employee-consumer-5, groupId=xms-employee-consumer] Notifying assignor about the new Assignment(partitions=[eos_dev.eos.employee_details-0])
2026-07-29T19:10:51.076+05:30  INFO 49044 --- [expense-management-service] [ntainer#0-0-C-1] k.c.c.i.ConsumerRebalanceListenerInvoker : [Consumer clientId=consumer-xms-employee-consumer-5, groupId=xms-employee-consumer] Adding newly assigned partitions: [eos_dev.eos.employee_details-0]
2026-07-29T19:10:51.098+05:30  INFO 49044 --- [expense-management-service] [ntainer#0-0-C-1] o.a.k.c.c.internals.ConsumerUtils        : Setting offset for partition eos_dev.eos.employee_details-0 to the committed offset FetchPosition{offset=5, offsetEpoch=Optional.empty, currentLeader=LeaderAndEpoch{leader=Optional[localhost:19092 (id: 0 rack: null isFenced: false)], epoch=absent}}
2026-07-29T19:10:51.123+05:30  INFO 49044 --- [expense-management-service] [ntainer#0-0-C-1] o.s.k.l.KafkaMessageListenerContainer    : xms-employee-consumer: partitions assigned: [eos_dev.eos.employee_details-0]
2026-07-29T19:15:53.712+05:30  INFO 49044 --- [expense-management-service] [   File Watcher] rtingClassPathChangeChangedEventListener : Restarting due to 1 class path change (1 addition, 0 deletions, 0 modifications)
2026-07-29T19:15:56.067+05:30  INFO 49044 --- [expense-management-service] [ntainer#0-0-C-1] k.c.c.i.ConsumerRebalanceListenerInvoker : [Consumer clientId=consumer-xms-employee-consumer-5, groupId=xms-employee-consumer] Revoke previously assigned partitions [eos_dev.eos.employee_details-0]
2026-07-29T19:15:56.091+05:30  INFO 49044 --- [expense-management-service] [ntainer#0-0-C-1] o.s.k.l.KafkaMessageListenerContainer    : xms-employee-consumer: partitions revoked: [eos_dev.eos.employee_details-0]
2026-07-29T19:15:56.121+05:30  INFO 49044 --- [expense-management-service] [ntainer#0-0-C-1] o.a.k.c.c.internals.ConsumerCoordinator  : [Consumer clientId=consumer-xms-employee-consumer-5, groupId=xms-employee-consumer] Member consumer-xms-employee-consumer-5-f70cd85e-34ef-49ee-b952-71ba0a468b81 sending LeaveGroup request to coordinator localhost:19092 (id: 2147483647 rack: null isFenced: false) due to the consumer unsubscribed from all topics
2026-07-29T19:15:56.130+05:30  INFO 49044 --- [expense-management-service] [ntainer#0-0-C-1] o.a.k.c.c.internals.ConsumerCoordinator  : [Consumer clientId=consumer-xms-employee-consumer-5, groupId=xms-employee-consumer] Resetting generation and member id due to: consumer pro-actively leaving the group
2026-07-29T19:15:56.134+05:30  INFO 49044 --- [expense-management-service] [ntainer#0-0-C-1] o.a.k.c.c.internals.ConsumerCoordinator  : [Consumer clientId=consumer-xms-employee-consumer-5, groupId=xms-employee-consumer] Request joining group due to: consumer pro-actively leaving the group
2026-07-29T19:15:56.135+05:30  INFO 49044 --- [expense-management-service] [ntainer#0-0-C-1] o.a.k.c.c.i.ClassicKafkaConsumer         : [Consumer clientId=consumer-xms-employee-consumer-5, groupId=xms-employee-consumer] Unsubscribed all topics or patterns and assigned partitions
2026-07-29T19:15:56.226+05:30  INFO 49044 --- [expense-management-service] [ntainer#0-0-C-1] o.a.k.c.c.internals.ConsumerCoordinator  : [Consumer clientId=consumer-xms-employee-consumer-5, groupId=xms-employee-consumer] Resetting generation and member id due to: consumer pro-actively leaving the group
2026-07-29T19:15:56.228+05:30  INFO 49044 --- [expense-management-service] [ntainer#0-0-C-1] o.a.k.c.c.internals.ConsumerCoordinator  : [Consumer clientId=consumer-xms-employee-consumer-5, groupId=xms-employee-consumer] Request joining group due to: consumer pro-actively leaving the group
2026-07-29T19:15:57.064+05:30  INFO 49044 --- [expense-management-service] [ntainer#0-0-C-1] o.apache.kafka.common.metrics.Metrics    : Metrics scheduler closed
2026-07-29T19:15:57.068+05:30  INFO 49044 --- [expense-management-service] [ntainer#0-0-C-1] o.apache.kafka.common.metrics.Metrics    : Closing reporter org.apache.kafka.common.metrics.JmxReporter
2026-07-29T19:15:57.069+05:30  INFO 49044 --- [expense-management-service] [ntainer#0-0-C-1] o.apache.kafka.common.metrics.Metrics    : Closing reporter org.apache.kafka.common.telemetry.internals.ClientTelemetryReporter
2026-07-29T19:15:57.071+05:30  INFO 49044 --- [expense-management-service] [ntainer#0-0-C-1] o.apache.kafka.common.metrics.Metrics    : Metrics reporters closed
2026-07-29T19:15:57.256+05:30  INFO 49044 --- [expense-management-service] [ntainer#0-0-C-1] o.a.kafka.common.utils.AppInfoParser     : App info kafka.consumer for consumer-xms-employee-consumer-5 unregistered
2026-07-29T19:15:57.266+05:30  INFO 49044 --- [expense-management-service] [ntainer#0-0-C-1] o.s.k.l.KafkaMessageListenerContainer    : xms-employee-consumer: Consumer stopped
2026-07-29T19:15:57.279+05:30  INFO 49044 --- [expense-management-service] [      Thread-17] o.s.boot.tomcat.GracefulShutdown         : Commencing graceful shutdown. Waiting for active requests to complete
2026-07-29T19:15:58.003+05:30  INFO 49044 --- [expense-management-service] [tomcat-shutdown] o.s.boot.tomcat.GracefulShutdown         : Graceful shutdown complete
2026-07-29T19:16:00.235+05:30  INFO 49044 --- [expense-management-service] [      Thread-17] j.LocalContainerEntityManagerFactoryBean : Closing JPA EntityManagerFactory for persistence unit 'default'
2026-07-29T19:16:01.999+05:30  INFO 49044 --- [expense-management-service] [      Thread-17] com.zaxxer.hikari.HikariDataSource       : ExpenseManagementPool - Shutdown initiated...
2026-07-29T19:16:02.294+05:30  INFO 49044 --- [expense-management-service] [      Thread-17] com.zaxxer.hikari.HikariDataSource       : ExpenseManagementPool - Shutdown completed.

  .   ____          _            __ _ _
 /\\ / ___'_ __ _ _(_)_ __  __ _ \ \ \ \
( ( )\___ | '_ | '_| | '_ \/ _` | \ \ \ \
 \\/  ___)| |_)| | | | | || (_| |  ) ) ) )
  '  |____| .__|_| |_|_| |_\__, | / / / /
 =========|_|==============|___/=/_/_/_/

 :: Spring Boot ::                (v4.1.0)

2026-07-29T19:16:20.952+05:30  INFO 49044 --- [expense-management-service] [  restartedMain] m.p.springdotenv.DotenvPropertySource    : Initialized Dotenv with DotenvConfig[enabled=true, directory=null, filename=.env, ignoreIfMalformed=false, ignoreIfMissing=true, exportToSystemProperties=false]
2026-07-29T19:16:21.143+05:30  INFO 49044 --- [expense-management-service] [  restartedMain] c.e.ExpenseManagementServiceApplication  : Starting ExpenseManagementServiceApplication using Java 24.0.1 with PID 49044 (C:\Users\Ajaykumar.Korada\Desktop\intranet\intranet-be\EMS\Expense_Management_Service\target\classes started by Ajaykumar.Korada in C:\Users\Ajaykumar.Korada\Desktop\intranet\intranet-be\EMS\Expense_Management_Service)
2026-07-29T19:16:21.241+05:30 DEBUG 49044 --- [expense-management-service] [  restartedMain] c.e.ExpenseManagementServiceApplication  : Running with Spring Boot v4.1.0, Spring v7.0.8
2026-07-29T19:16:21.400+05:30  INFO 49044 --- [expense-management-service] [  restartedMain] c.e.ExpenseManagementServiceApplication  : No active profile set, falling back to 1 default profile: "default"
2026-07-29T19:16:32.610+05:30  INFO 49044 --- [expense-management-service] [  restartedMain] .s.d.r.c.RepositoryConfigurationDelegate : Multiple Spring Data modules found, entering strict repository configuration mode
2026-07-29T19:16:32.699+05:30  INFO 49044 --- [expense-management-service] [  restartedMain] .s.d.r.c.RepositoryConfigurationDelegate : Bootstrapping Spring Data JPA repositories in DEFAULT mode.
2026-07-29T19:16:34.530+05:30  INFO 49044 --- [expense-management-service] [  restartedMain] .s.d.r.c.RepositoryConfigurationDelegate : Finished Spring Data repository scanning in 1689 ms. Found 28 JPA repository interfaces.
2026-07-29T19:16:35.012+05:30  INFO 49044 --- [expense-management-service] [  restartedMain] .s.d.r.c.RepositoryConfigurationDelegate : Multiple Spring Data modules found, entering strict repository configuration mode
2026-07-29T19:16:35.199+05:30  INFO 49044 --- [expense-management-service] [  restartedMain] .s.d.r.c.RepositoryConfigurationDelegate : Bootstrapping Spring Data Redis repositories in DEFAULT mode.
2026-07-29T19:16:35.792+05:30  INFO 49044 --- [expense-management-service] [  restartedMain] .RepositoryConfigurationExtensionSupport : Spring Data Redis - Could not safely identify store assignment for repository candidate interface com.expense_management_service.repository.ApprovalDelegationRepository; If you want this repository to be a Redis repository, consider annotating your entities with one of these annotations: org.springframework.data.redis.core.RedisHash (preferred), or consider extending one of the following types with your repository: org.springframework.data.keyvalue.repository.KeyValueRepository
2026-07-29T19:16:36.008+05:30  INFO 49044 --- [expense-management-service] [  restartedMain] .RepositoryConfigurationExtensionSupport : Spring Data Redis - Could not safely identify store assignment for repository candidate interface com.expense_management_service.repository.ApprovalMatrixRepository; If you want this repository to be a Redis repository, consider annotating your entities with one of these annotations: org.springframework.data.redis.core.RedisHash (preferred), or consider extending one of the following types with your repository: org.springframework.data.keyvalue.repository.KeyValueRepository
2026-07-29T19:16:36.190+05:30  INFO 49044 --- [expense-management-service] [  restartedMain] .RepositoryConfigurationExtensionSupport : Spring Data Redis - Could not safely identify store assignment for repository candidate interface com.expense_management_service.repository.ApprovalTaskRepository; If you want this repository to be a Redis repository, consider annotating your entities with one of these annotations: org.springframework.data.redis.core.RedisHash (preferred), or consider extending one of the following types with your repository: org.springframework.data.keyvalue.repository.KeyValueRepository
2026-07-29T19:16:36.408+05:30  INFO 49044 --- [expense-management-service] [  restartedMain] .RepositoryConfigurationExtensionSupport : Spring Data Redis - Could not safely identify store assignment for repository candidate interface com.expense_management_service.repository.AuditLogRepository; If you want this repository to be a Redis repository, consider annotating your entities with one of these annotations: org.springframework.data.redis.core.RedisHash (preferred), or consider extending one of the following types with your repository: org.springframework.data.keyvalue.repository.KeyValueRepository
2026-07-29T19:16:36.622+05:30  INFO 49044 --- [expense-management-service] [  restartedMain] .RepositoryConfigurationExtensionSupport : Spring Data Redis - Could not safely identify store assignment for repository candidate interface com.expense_management_service.repository.CashAdvanceAdjustmentRepository; If you want this repository to be a Redis repository, consider annotating your entities with one of these annotations: org.springframework.data.redis.core.RedisHash (preferred), or consider extending one of the following types with your repository: org.springframework.data.keyvalue.repository.KeyValueRepository
2026-07-29T19:16:36.867+05:30  INFO 49044 --- [expense-management-service] [  restartedMain] .RepositoryConfigurationExtensionSupport : Spring Data Redis - Could not safely identify store assignment for repository candidate interface com.expense_management_service.repository.CashAdvanceRepository; If you want this repository to be a Redis repository, consider annotating your entities with one of these annotations: org.springframework.data.redis.core.RedisHash (preferred), or consider extending one of the following types with your repository: org.springframework.data.keyvalue.repository.KeyValueRepository
2026-07-29T19:16:37.090+05:30  INFO 49044 --- [expense-management-service] [  restartedMain] .RepositoryConfigurationExtensionSupport : Spring Data Redis - Could not safely identify store assignment for repository candidate interface com.expense_management_service.repository.CdcFailureLogRepository; If you want this repository to be a Redis repository, consider annotating your entities with one of these annotations: org.springframework.data.redis.core.RedisHash (preferred), or consider extending one of the following types with your repository: org.springframework.data.keyvalue.repository.KeyValueRepository
2026-07-29T19:16:37.236+05:30  INFO 49044 --- [expense-management-service] [  restartedMain] .RepositoryConfigurationExtensionSupport : Spring Data Redis - Could not safely identify store assignment for repository candidate interface com.expense_management_service.repository.CostAllocationRepository; If you want this repository to be a Redis repository, consider annotating your entities with one of these annotations: org.springframework.data.redis.core.RedisHash (preferred), or consider extending one of the following types with your repository: org.springframework.data.keyvalue.repository.KeyValueRepository
2026-07-29T19:16:37.439+05:30  INFO 49044 --- [expense-management-service] [  restartedMain] .RepositoryConfigurationExtensionSupport : Spring Data Redis - Could not safely identify store assignment for repository candidate interface com.expense_management_service.repository.CostCenterBudgetRepository; If you want this repository to be a Redis repository, consider annotating your entities with one of these annotations: org.springframework.data.redis.core.RedisHash (preferred), or consider extending one of the following types with your repository: org.springframework.data.keyvalue.repository.KeyValueRepository
2026-07-29T19:16:37.602+05:30  INFO 49044 --- [expense-management-service] [  restartedMain] .RepositoryConfigurationExtensionSupport : Spring Data Redis - Could not safely identify store assignment for repository candidate interface com.expense_management_service.repository.CostCenterRepository; If you want this repository to be a Redis repository, consider annotating your entities with one of these annotations: org.springframework.data.redis.core.RedisHash (preferred), or consider extending one of the following types with your repository: org.springframework.data.keyvalue.repository.KeyValueRepository
2026-07-29T19:16:37.677+05:30  INFO 49044 --- [expense-management-service] [  restartedMain] .RepositoryConfigurationExtensionSupport : Spring Data Redis - Could not safely identify store assignment for repository candidate interface com.expense_management_service.repository.CurrencyRepository; If you want this repository to be a Redis repository, consider annotating your entities with one of these annotations: org.springframework.data.redis.core.RedisHash (preferred), or consider extending one of the following types with your repository: org.springframework.data.keyvalue.repository.KeyValueRepository
2026-07-29T19:16:37.897+05:30  INFO 49044 --- [expense-management-service] [  restartedMain] .RepositoryConfigurationExtensionSupport : Spring Data Redis - Could not safely identify store assignment for repository candidate interface com.expense_management_service.repository.EmployeeCacheRepository; If you want this repository to be a Redis repository, consider annotating your entities with one of these annotations: org.springframework.data.redis.core.RedisHash (preferred), or consider extending one of the following types with your repository: org.springframework.data.keyvalue.repository.KeyValueRepository
2026-07-29T19:16:38.039+05:30  INFO 49044 --- [expense-management-service] [  restartedMain] .RepositoryConfigurationExtensionSupport : Spring Data Redis - Could not safely identify store assignment for repository candidate interface com.expense_management_service.repository.ExchangeRateRepository; If you want this repository to be a Redis repository, consider annotating your entities with one of these annotations: org.springframework.data.redis.core.RedisHash (preferred), or consider extending one of the following types with your repository: org.springframework.data.keyvalue.repository.KeyValueRepository
2026-07-29T19:16:38.180+05:30  INFO 49044 --- [expense-management-service] [  restartedMain] .RepositoryConfigurationExtensionSupport : Spring Data Redis - Could not safely identify store assignment for repository candidate interface com.expense_management_service.repository.ExpenseCategoryRepository; If you want this repository to be a Redis repository, consider annotating your entities with one of these annotations: org.springframework.data.redis.core.RedisHash (preferred), or consider extending one of the following types with your repository: org.springframework.data.keyvalue.repository.KeyValueRepository
2026-07-29T19:16:38.321+05:30  INFO 49044 --- [expense-management-service] [  restartedMain] .RepositoryConfigurationExtensionSupport : Spring Data Redis - Could not safely identify store assignment for repository candidate interface com.expense_management_service.repository.ExpenseLineItemRepository; If you want this repository to be a Redis repository, consider annotating your entities with one of these annotations: org.springframework.data.redis.core.RedisHash (preferred), or consider extending one of the following types with your repository: org.springframework.data.keyvalue.repository.KeyValueRepository
2026-07-29T19:16:38.462+05:30  INFO 49044 --- [expense-management-service] [  restartedMain] .RepositoryConfigurationExtensionSupport : Spring Data Redis - Could not safely identify store assignment for repository candidate interface com.expense_management_service.repository.ExpenseReportRepository; If you want this repository to be a Redis repository, consider annotating your entities with one of these annotations: org.springframework.data.redis.core.RedisHash (preferred), or consider extending one of the following types with your repository: org.springframework.data.keyvalue.repository.KeyValueRepository
2026-07-29T19:16:38.597+05:30  INFO 49044 --- [expense-management-service] [  restartedMain] .RepositoryConfigurationExtensionSupport : Spring Data Redis - Could not safely identify store assignment for repository candidate interface com.expense_management_service.repository.GlAccountRepository; If you want this repository to be a Redis repository, consider annotating your entities with one of these annotations: org.springframework.data.redis.core.RedisHash (preferred), or consider extending one of the following types with your repository: org.springframework.data.keyvalue.repository.KeyValueRepository
2026-07-29T19:16:38.730+05:30  INFO 49044 --- [expense-management-service] [  restartedMain] .RepositoryConfigurationExtensionSupport : Spring Data Redis - Could not safely identify store assignment for repository candidate interface com.expense_management_service.repository.IntegrationSyncRepository; If you want this repository to be a Redis repository, consider annotating your entities with one of these annotations: org.springframework.data.redis.core.RedisHash (preferred), or consider extending one of the following types with your repository: org.springframework.data.keyvalue.repository.KeyValueRepository
2026-07-29T19:16:38.860+05:30  INFO 49044 --- [expense-management-service] [  restartedMain] .RepositoryConfigurationExtensionSupport : Spring Data Redis - Could not safely identify store assignment for repository candidate interface com.expense_management_service.repository.InvoiceSyncRepository; If you want this repository to be a Redis repository, consider annotating your entities with one of these annotations: org.springframework.data.redis.core.RedisHash (preferred), or consider extending one of the following types with your repository: org.springframework.data.keyvalue.repository.KeyValueRepository
2026-07-29T19:16:39.011+05:30  INFO 49044 --- [expense-management-service] [  restartedMain] .RepositoryConfigurationExtensionSupport : Spring Data Redis - Could not safely identify store assignment for repository candidate interface com.expense_management_service.repository.NotificationRepository; If you want this repository to be a Redis repository, consider annotating your entities with one of these annotations: org.springframework.data.redis.core.RedisHash (preferred), or consider extending one of the following types with your repository: org.springframework.data.keyvalue.repository.KeyValueRepository
2026-07-29T19:16:39.094+05:30  INFO 49044 --- [expense-management-service] [  restartedMain] .RepositoryConfigurationExtensionSupport : Spring Data Redis - Could not safely identify store assignment for repository candidate interface com.expense_management_service.repository.PolicyRuleRepository; If you want this repository to be a Redis repository, consider annotating your entities with one of these annotations: org.springframework.data.redis.core.RedisHash (preferred), or consider extending one of the following types with your repository: org.springframework.data.keyvalue.repository.KeyValueRepository
2026-07-29T19:16:39.314+05:30  INFO 49044 --- [expense-management-service] [  restartedMain] .RepositoryConfigurationExtensionSupport : Spring Data Redis - Could not safely identify store assignment for repository candidate interface com.expense_management_service.repository.PolicyViolationRepository; If you want this repository to be a Redis repository, consider annotating your entities with one of these annotations: org.springframework.data.redis.core.RedisHash (preferred), or consider extending one of the following types with your repository: org.springframework.data.keyvalue.repository.KeyValueRepository
2026-07-29T19:16:39.506+05:30  INFO 49044 --- [expense-management-service] [  restartedMain] .RepositoryConfigurationExtensionSupport : Spring Data Redis - Could not safely identify store assignment for repository candidate interface com.expense_management_service.repository.ProjectCacheRepository; If you want this repository to be a Redis repository, consider annotating your entities with one of these annotations: org.springframework.data.redis.core.RedisHash (preferred), or consider extending one of the following types with your repository: org.springframework.data.keyvalue.repository.KeyValueRepository
2026-07-29T19:16:39.648+05:30  INFO 49044 --- [expense-management-service] [  restartedMain] .RepositoryConfigurationExtensionSupport : Spring Data Redis - Could not safely identify store assignment for repository candidate interface com.expense_management_service.repository.ReceiptOcrRepository; If you want this repository to be a Redis repository, consider annotating your entities with one of these annotations: org.springframework.data.redis.core.RedisHash (preferred), or consider extending one of the following types with your repository: org.springframework.data.keyvalue.repository.KeyValueRepository
2026-07-29T19:16:39.787+05:30  INFO 49044 --- [expense-management-service] [  restartedMain] .RepositoryConfigurationExtensionSupport : Spring Data Redis - Could not safely identify store assignment for repository candidate interface com.expense_management_service.repository.ReceiptRepository; If you want this repository to be a Redis repository, consider annotating your entities with one of these annotations: org.springframework.data.redis.core.RedisHash (preferred), or consider extending one of the following types with your repository: org.springframework.data.keyvalue.repository.KeyValueRepository
2026-07-29T19:16:39.921+05:30  INFO 49044 --- [expense-management-service] [  restartedMain] .RepositoryConfigurationExtensionSupport : Spring Data Redis - Could not safely identify store assignment for repository candidate interface com.expense_management_service.repository.SavedFilterRepository; If you want this repository to be a Redis repository, consider annotating your entities with one of these annotations: org.springframework.data.redis.core.RedisHash (preferred), or consider extending one of the following types with your repository: org.springframework.data.keyvalue.repository.KeyValueRepository
2026-07-29T19:16:40.067+05:30  INFO 49044 --- [expense-management-service] [  restartedMain] .RepositoryConfigurationExtensionSupport : Spring Data Redis - Could not safely identify store assignment for repository candidate interface com.expense_management_service.repository.SystemConfigurationRepository; If you want this repository to be a Redis repository, consider annotating your entities with one of these annotations: org.springframework.data.redis.core.RedisHash (preferred), or consider extending one of the following types with your repository: org.springframework.data.keyvalue.repository.KeyValueRepository
2026-07-29T19:16:40.185+05:30  INFO 49044 --- [expense-management-service] [  restartedMain] .RepositoryConfigurationExtensionSupport : Spring Data Redis - Could not safely identify store assignment for repository candidate interface com.expense_management_service.repository.VerificationQueryRepository; If you want this repository to be a Redis repository, consider annotating your entities with one of these annotations: org.springframework.data.redis.core.RedisHash (preferred), or consider extending one of the following types with your repository: org.springframework.data.keyvalue.repository.KeyValueRepository
2026-07-29T19:16:40.265+05:30  INFO 49044 --- [expense-management-service] [  restartedMain] .s.d.r.c.RepositoryConfigurationDelegate : Finished Spring Data repository scanning in 4853 ms. Found 0 Redis repository interfaces.
2026-07-29T19:16:45.573+05:30  INFO 49044 --- [expense-management-service] [  restartedMain] o.s.boot.tomcat.TomcatWebServer          : Tomcat initialized with port 8080 (http)
2026-07-29T19:16:45.717+05:30  INFO 49044 --- [expense-management-service] [  restartedMain] o.apache.catalina.core.StandardService   : Starting service [Tomcat]
2026-07-29T19:16:45.872+05:30  INFO 49044 --- [expense-management-service] [  restartedMain] o.apache.catalina.core.StandardEngine    : Starting Servlet engine: [Apache Tomcat/11.0.22]
2026-07-29T19:16:46.181+05:30  INFO 49044 --- [expense-management-service] [  restartedMain] b.w.c.s.WebApplicationContextInitializer : Root WebApplicationContext: initialization completed in 24517 ms
2026-07-29T19:16:46.672+05:30 DEBUG 49044 --- [expense-management-service] [  restartedMain] o.s.w.f.ServerHttpObservationFilter      : Filter 'webMvcObservationFilter' configured for use
2026-07-29T19:16:47.093+05:30  INFO 49044 --- [expense-management-service] [  restartedMain] com.zaxxer.hikari.HikariDataSource       : ExpenseManagementPool - Starting...
2026-07-29T19:16:48.521+05:30  INFO 49044 --- [expense-management-service] [  restartedMain] com.zaxxer.hikari.pool.HikariPool        : ExpenseManagementPool - Added connection com.mysql.cj.jdbc.ConnectionImpl@4f947304
2026-07-29T19:16:48.668+05:30  INFO 49044 --- [expense-management-service] [  restartedMain] com.zaxxer.hikari.HikariDataSource       : ExpenseManagementPool - Start completed.
2026-07-29T19:16:48.839+05:30  INFO 49044 --- [expense-management-service] [  restartedMain] org.flywaydb.core.FlywayExecutor         : Database: jdbc:mysql://mysql-2652f645-expensemanagement.d.aivencloud.com:18971/expense_management?sslMode=REQUIRED&serverTimezone=UTC (MySQL 8.4)
2026-07-29T19:16:50.236+05:30  WARN 49044 --- [expense-management-service] [  restartedMain] ConfigServletWebServerApplicationContext : Exception encountered during context initialization - cancelling refresh attempt: org.springframework.beans.factory.BeanCreationException: Error creating bean with name 'entityManagerFactory' defined in class path resource [org/springframework/boot/hibernate/autoconfigure/HibernateJpaConfiguration.class]: Failed to initialize dependency 'flywayInitializer' of LoadTimeWeaverAware bean 'entityManagerFactory': Error creating bean with name 'flywayInitializer' defined in class path resource [org/springframework/boot/flyway/autoconfigure/FlywayAutoConfiguration$FlywayConfiguration.class]: Found more than one migration with version 3
Offenders:
-> C:\Users\Ajaykumar.Korada\Desktop\intranet\intranet-be\EMS\Expense_Management_Service\target\classes\db\migration\V3__policy_rule_cleanup.sql (SQL)
-> C:\Users\Ajaykumar.Korada\Desktop\intranet\intranet-be\EMS\Expense_Management_Service\target\classes\db\migration\V3__add_net_amount_to_expense_line_item.sql (SQL)
2026-07-29T19:16:50.328+05:30  INFO 49044 --- [expense-management-service] [  restartedMain] com.zaxxer.hikari.HikariDataSource       : ExpenseManagementPool - Shutdown initiated...
2026-07-29T19:16:50.722+05:30  INFO 49044 --- [expense-management-service] [  restartedMain] com.zaxxer.hikari.HikariDataSource       : ExpenseManagementPool - Shutdown completed.
2026-07-29T19:16:50.857+05:30  INFO 49044 --- [expense-management-service] [  restartedMain] o.apache.catalina.core.StandardService   : Stopping service [Tomcat]
2026-07-29T19:16:51.044+05:30  INFO 49044 --- [expense-management-service] [  restartedMain] .s.b.a.l.ConditionEvaluationReportLogger : 

Error starting ApplicationContext. To display the condition evaluation report re-run your application with 'debug' enabled.
2026-07-29T19:16:51.317+05:30 ERROR 49044 --- [expense-management-service] [  restartedMain] o.s.boot.SpringApplication               : Application run failed

org.springframework.beans.factory.BeanCreationException: Error creating bean with name 'entityManagerFactory' defined in class path resource [org/springframework/boot/hibernate/autoconfigure/HibernateJpaConfiguration.class]: Failed to initialize dependency 'flywayInitializer' of LoadTimeWeaverAware bean 'entityManagerFactory': Error creating bean with name 'flywayInitializer' defined in class path resource [org/springframework/boot/flyway/autoconfigure/FlywayAutoConfiguration$FlywayConfiguration.class]: Found more than one migration with version 3
Offenders:
-> C:\Users\Ajaykumar.Korada\Desktop\intranet\intranet-be\EMS\Expense_Management_Service\target\classes\db\migration\V3__policy_rule_cleanup.sql (SQL)
-> C:\Users\Ajaykumar.Korada\Desktop\intranet\intranet-be\EMS\Expense_Management_Service\target\classes\db\migration\V3__add_net_amount_to_expense_line_item.sql (SQL)
	at org.springframework.beans.factory.support.AbstractBeanFactory.doGetBean(AbstractBeanFactory.java:322) ~[spring-beans-7.0.8.jar:7.0.8]
	at org.springframework.beans.factory.support.AbstractBeanFactory.getBean(AbstractBeanFactory.java:201) ~[spring-beans-7.0.8.jar:7.0.8]
	at org.springframework.context.support.AbstractApplicationContext.finishBeanFactoryInitialization(AbstractApplicationContext.java:977) ~[spring-context-7.0.8.jar:7.0.8]
	at org.springframework.context.support.AbstractApplicationContext.refresh(AbstractApplicationContext.java:621) ~[spring-context-7.0.8.jar:7.0.8]
	at org.springframework.boot.web.server.servlet.context.ServletWebServerApplicationContext.refresh(ServletWebServerApplicationContext.java:143) ~[spring-boot-web-server-4.1.0.jar:4.1.0]
	at org.springframework.boot.SpringApplication.refresh(SpringApplication.java:756) ~[spring-boot-4.1.0.jar:4.1.0]
	at org.springframework.boot.SpringApplication.refreshContext(SpringApplication.java:445) ~[spring-boot-4.1.0.jar:4.1.0]
	at org.springframework.boot.SpringApplication.run(SpringApplication.java:321) ~[spring-boot-4.1.0.jar:4.1.0]
	at org.springframework.boot.builder.SpringApplicationBuilder.run(SpringApplicationBuilder.java:154) ~[spring-boot-4.1.0.jar:4.1.0]
	at com.expense_management_service.ExpenseManagementServiceApplication.main(ExpenseManagementServiceApplication.java:16) ~[classes/:na]
	at java.base/jdk.internal.reflect.DirectMethodHandleAccessor.invoke(DirectMethodHandleAccessor.java:104) ~[na:na]
	at java.base/java.lang.reflect.Method.invoke(Method.java:565) ~[na:na]
	at org.springframework.boot.devtools.restart.RestartLauncher.run(RestartLauncher.java:52) ~[spring-boot-devtools-4.1.0.jar:4.1.0]
Caused by: org.springframework.beans.factory.BeanCreationException: Error creating bean with name 'flywayInitializer' defined in class path resource [org/springframework/boot/flyway/autoconfigure/FlywayAutoConfiguration$FlywayConfiguration.class]: Found more than one migration with version 3
Offenders:
-> C:\Users\Ajaykumar.Korada\Desktop\intranet\intranet-be\EMS\Expense_Management_Service\target\classes\db\migration\V3__policy_rule_cleanup.sql (SQL)
-> C:\Users\Ajaykumar.Korada\Desktop\intranet\intranet-be\EMS\Expense_Management_Service\target\classes\db\migration\V3__add_net_amount_to_expense_line_item.sql (SQL)
	at org.springframework.beans.factory.support.AbstractAutowireCapableBeanFactory.initializeBean(AbstractAutowireCapableBeanFactory.java:1815) ~[spring-beans-7.0.8.jar:7.0.8]
	at org.springframework.beans.factory.support.AbstractAutowireCapableBeanFactory.doCreateBean(AbstractAutowireCapableBeanFactory.java:603) ~[spring-beans-7.0.8.jar:7.0.8]
	at org.springframework.beans.factory.support.AbstractAutowireCapableBeanFactory.createBean(AbstractAutowireCapableBeanFactory.java:525) ~[spring-beans-7.0.8.jar:7.0.8]
	at org.springframework.beans.factory.support.AbstractBeanFactory.lambda$doGetBean$0(AbstractBeanFactory.java:333) ~[spring-beans-7.0.8.jar:7.0.8]
	at org.springframework.beans.factory.support.DefaultSingletonBeanRegistry.getSingleton(DefaultSingletonBeanRegistry.java:371) ~[spring-beans-7.0.8.jar:7.0.8]
	at org.springframework.beans.factory.support.AbstractBeanFactory.doGetBean(AbstractBeanFactory.java:331) ~[spring-beans-7.0.8.jar:7.0.8]
	at org.springframework.beans.factory.support.AbstractBeanFactory.getBean(AbstractBeanFactory.java:196) ~[spring-beans-7.0.8.jar:7.0.8]
	at org.springframework.beans.factory.support.AbstractBeanFactory.doGetBean(AbstractBeanFactory.java:309) ~[spring-beans-7.0.8.jar:7.0.8]
	... 12 common frames omitted
Caused by: org.flywaydb.core.api.FlywayException: Found more than one migration with version 3
Offenders:
-> C:\Users\Ajaykumar.Korada\Desktop\intranet\intranet-be\EMS\Expense_Management_Service\target\classes\db\migration\V3__policy_rule_cleanup.sql (SQL)
-> C:\Users\Ajaykumar.Korada\Desktop\intranet\intranet-be\EMS\Expense_Management_Service\target\classes\db\migration\V3__add_net_amount_to_expense_line_item.sql (SQL)
	at org.flywaydb.core.internal.resolver.CompositeMigrationResolver.checkForIncompatibilities(CompositeMigrationResolver.java:94) ~[flyway-core-12.4.0.jar:na]
	at org.flywaydb.core.internal.resolver.CompositeMigrationResolver.doFindAvailableMigrations(CompositeMigrationResolver.java:127) ~[flyway-core-12.4.0.jar:na]
	at org.flywaydb.core.internal.resolver.CompositeMigrationResolver.resolveMigrations(CompositeMigrationResolver.java:114) ~[flyway-core-12.4.0.jar:na]
	at org.flywaydb.core.internal.resolver.CompositeMigrationResolver.resolveMigrations(CompositeMigrationResolver.java:120) ~[flyway-core-12.4.0.jar:na]
	at org.flywaydb.core.internal.info.MigrationInfoServiceImpl.refresh(MigrationInfoServiceImpl.java:86) ~[flyway-core-12.4.0.jar:na]
	at org.flywaydb.core.internal.command.DbValidate.lambda$validate$0(DbValidate.java:112) ~[flyway-core-12.4.0.jar:na]
	at org.flywaydb.core.internal.jdbc.TransactionalExecutionTemplate.execute(TransactionalExecutionTemplate.java:59) ~[flyway-core-12.4.0.jar:na]
	at org.flywaydb.core.internal.command.DbValidate.validate(DbValidate.java:105) ~[flyway-core-12.4.0.jar:na]
	at org.flywaydb.core.Flyway.doValidate(Flyway.java:495) ~[flyway-core-12.4.0.jar:na]
	at org.flywaydb.core.Flyway.lambda$migrate$3(Flyway.java:185) ~[flyway-core-12.4.0.jar:na]
	at org.flywaydb.core.FlywayExecutor.execute(FlywayExecutor.java:236) ~[flyway-core-12.4.0.jar:na]
	at org.flywaydb.core.FlywayExecutor.execute(FlywayExecutor.java:120) ~[flyway-core-12.4.0.jar:na]
	at org.flywaydb.core.Flyway.migrate(Flyway.java:181) ~[flyway-core-12.4.0.jar:na]
	at org.springframework.boot.flyway.autoconfigure.FlywayMigrationInitializer.afterPropertiesSet(FlywayMigrationInitializer.java:67) ~[spring-boot-flyway-4.1.0.jar:4.1.0]
	at org.springframework.beans.factory.support.AbstractAutowireCapableBeanFactory.invokeInitMethods(AbstractAutowireCapableBeanFactory.java:1862) ~[spring-beans-7.0.8.jar:7.0.8]
	at org.springframework.beans.factory.support.AbstractAutowireCapableBeanFactory.initializeBean(AbstractAutowireCapableBeanFactory.java:1811) ~[spring-beans-7.0.8.jar:7.0.8]
	... 19 common frames omitted


  .   ____          _            __ _ _
 /\\ / ___'_ __ _ _(_)_ __  __ _ \ \ \ \
( ( )\___ | '_ | '_| | '_ \/ _` | \ \ \ \
 \\/  ___)| |_)| | | | | || (_| |  ) ) ) )
  '  |____| .__|_| |_|_| |_\__, | / / / /
 =========|_|==============|___/=/_/_/_/

 :: Spring Boot ::                (v4.1.0)

2026-07-29T19:49:19.195+05:30  INFO 49044 --- [expense-management-service] [  restartedMain] m.p.springdotenv.DotenvPropertySource    : Initialized Dotenv with DotenvConfig[enabled=true, directory=null, filename=.env, ignoreIfMalformed=false, ignoreIfMissing=true, exportToSystemProperties=false]
2026-07-29T19:49:19.267+05:30  INFO 49044 --- [expense-management-service] [  restartedMain] c.e.ExpenseManagementServiceApplication  : Starting ExpenseManagementServiceApplication using Java 24.0.1 with PID 49044 (C:\Users\Ajaykumar.Korada\Desktop\intranet\intranet-be\EMS\Expense_Management_Service\target\classes started by Ajaykumar.Korada in C:\Users\Ajaykumar.Korada\Desktop\intranet\intranet-be\EMS\Expense_Management_Service)
2026-07-29T19:49:19.268+05:30 DEBUG 49044 --- [expense-management-service] [  restartedMain] c.e.ExpenseManagementServiceApplication  : Running with Spring Boot v4.1.0, Spring v7.0.8
2026-07-29T19:49:19.270+05:30  INFO 49044 --- [expense-management-service] [  restartedMain] c.e.ExpenseManagementServiceApplication  : No active profile set, falling back to 1 default profile: "default"
2026-07-29T19:49:32.334+05:30  INFO 49044 --- [expense-management-service] [  restartedMain] .s.d.r.c.RepositoryConfigurationDelegate : Multiple Spring Data modules found, entering strict repository configuration mode
2026-07-29T19:49:32.338+05:30  INFO 49044 --- [expense-management-service] [  restartedMain] .s.d.r.c.RepositoryConfigurationDelegate : Bootstrapping Spring Data JPA repositories in DEFAULT mode.
2026-07-29T19:49:33.749+05:30  INFO 49044 --- [expense-management-service] [  restartedMain] .s.d.r.c.RepositoryConfigurationDelegate : Finished Spring Data repository scanning in 1384 ms. Found 28 JPA repository interfaces.
2026-07-29T19:49:33.859+05:30  INFO 49044 --- [expense-management-service] [  restartedMain] .s.d.r.c.RepositoryConfigurationDelegate : Multiple Spring Data modules found, entering strict repository configuration mode
2026-07-29T19:49:33.861+05:30  INFO 49044 --- [expense-management-service] [  restartedMain] .s.d.r.c.RepositoryConfigurationDelegate : Bootstrapping Spring Data Redis repositories in DEFAULT mode.
2026-07-29T19:49:33.953+05:30  INFO 49044 --- [expense-management-service] [  restartedMain] .RepositoryConfigurationExtensionSupport : Spring Data Redis - Could not safely identify store assignment for repository candidate interface com.expense_management_service.repository.ApprovalDelegationRepository; If you want this repository to be a Redis repository, consider annotating your entities with one of these annotations: org.springframework.data.redis.core.RedisHash (preferred), or consider extending one of the following types with your repository: org.springframework.data.keyvalue.repository.KeyValueRepository
2026-07-29T19:49:33.954+05:30  INFO 49044 --- [expense-management-service] [  restartedMain] .RepositoryConfigurationExtensionSupport : Spring Data Redis - Could not safely identify store assignment for repository candidate interface com.expense_management_service.repository.ApprovalMatrixRepository; If you want this repository to be a Redis repository, consider annotating your entities with one of these annotations: org.springframework.data.redis.core.RedisHash (preferred), or consider extending one of the following types with your repository: org.springframework.data.keyvalue.repository.KeyValueRepository
2026-07-29T19:49:33.956+05:30  INFO 49044 --- [expense-management-service] [  restartedMain] .RepositoryConfigurationExtensionSupport : Spring Data Redis - Could not safely identify store assignment for repository candidate interface com.expense_management_service.repository.ApprovalTaskRepository; If you want this repository to be a Redis repository, consider annotating your entities with one of these annotations: org.springframework.data.redis.core.RedisHash (preferred), or consider extending one of the following types with your repository: org.springframework.data.keyvalue.repository.KeyValueRepository
2026-07-29T19:49:33.957+05:30  INFO 49044 --- [expense-management-service] [  restartedMain] .RepositoryConfigurationExtensionSupport : Spring Data Redis - Could not safely identify store assignment for repository candidate interface com.expense_management_service.repository.AuditLogRepository; If you want this repository to be a Redis repository, consider annotating your entities with one of these annotations: org.springframework.data.redis.core.RedisHash (preferred), or consider extending one of the following types with your repository: org.springframework.data.keyvalue.repository.KeyValueRepository
2026-07-29T19:49:33.959+05:30  INFO 49044 --- [expense-management-service] [  restartedMain] .RepositoryConfigurationExtensionSupport : Spring Data Redis - Could not safely identify store assignment for repository candidate interface com.expense_management_service.repository.CashAdvanceAdjustmentRepository; If you want this repository to be a Redis repository, consider annotating your entities with one of these annotations: org.springframework.data.redis.core.RedisHash (preferred), or consider extending one of the following types with your repository: org.springframework.data.keyvalue.repository.KeyValueRepository
2026-07-29T19:49:33.959+05:30  INFO 49044 --- [expense-management-service] [  restartedMain] .RepositoryConfigurationExtensionSupport : Spring Data Redis - Could not safely identify store assignment for repository candidate interface com.expense_management_service.repository.CashAdvanceRepository; If you want this repository to be a Redis repository, consider annotating your entities with one of these annotations: org.springframework.data.redis.core.RedisHash (preferred), or consider extending one of the following types with your repository: org.springframework.data.keyvalue.repository.KeyValueRepository
2026-07-29T19:49:33.960+05:30  INFO 49044 --- [expense-management-service] [  restartedMain] .RepositoryConfigurationExtensionSupport : Spring Data Redis - Could not safely identify store assignment for repository candidate interface com.expense_management_service.repository.CdcFailureLogRepository; If you want this repository to be a Redis repository, consider annotating your entities with one of these annotations: org.springframework.data.redis.core.RedisHash (preferred), or consider extending one of the following types with your repository: org.springframework.data.keyvalue.repository.KeyValueRepository
2026-07-29T19:49:33.961+05:30  INFO 49044 --- [expense-management-service] [  restartedMain] .RepositoryConfigurationExtensionSupport : Spring Data Redis - Could not safely identify store assignment for repository candidate interface com.expense_management_service.repository.CostAllocationRepository; If you want this repository to be a Redis repository, consider annotating your entities with one of these annotations: org.springframework.data.redis.core.RedisHash (preferred), or consider extending one of the following types with your repository: org.springframework.data.keyvalue.repository.KeyValueRepository
2026-07-29T19:49:33.962+05:30  INFO 49044 --- [expense-management-service] [  restartedMain] .RepositoryConfigurationExtensionSupport : Spring Data Redis - Could not safely identify store assignment for repository candidate interface com.expense_management_service.repository.CostCenterBudgetRepository; If you want this repository to be a Redis repository, consider annotating your entities with one of these annotations: org.springframework.data.redis.core.RedisHash (preferred), or consider extending one of the following types with your repository: org.springframework.data.keyvalue.repository.KeyValueRepository
2026-07-29T19:49:33.962+05:30  INFO 49044 --- [expense-management-service] [  restartedMain] .RepositoryConfigurationExtensionSupport : Spring Data Redis - Could not safely identify store assignment for repository candidate interface com.expense_management_service.repository.CostCenterRepository; If you want this repository to be a Redis repository, consider annotating your entities with one of these annotations: org.springframework.data.redis.core.RedisHash (preferred), or consider extending one of the following types with your repository: org.springframework.data.keyvalue.repository.KeyValueRepository
2026-07-29T19:49:33.964+05:30  INFO 49044 --- [expense-management-service] [  restartedMain] .RepositoryConfigurationExtensionSupport : Spring Data Redis - Could not safely identify store assignment for repository candidate interface com.expense_management_service.repository.CurrencyRepository; If you want this repository to be a Redis repository, consider annotating your entities with one of these annotations: org.springframework.data.redis.core.RedisHash (preferred), or consider extending one of the following types with your repository: org.springframework.data.keyvalue.repository.KeyValueRepository
2026-07-29T19:49:33.965+05:30  INFO 49044 --- [expense-management-service] [  restartedMain] .RepositoryConfigurationExtensionSupport : Spring Data Redis - Could not safely identify store assignment for repository candidate interface com.expense_management_service.repository.EmployeeCacheRepository; If you want this repository to be a Redis repository, consider annotating your entities with one of these annotations: org.springframework.data.redis.core.RedisHash (preferred), or consider extending one of the following types with your repository: org.springframework.data.keyvalue.repository.KeyValueRepository
2026-07-29T19:49:33.965+05:30  INFO 49044 --- [expense-management-service] [  restartedMain] .RepositoryConfigurationExtensionSupport : Spring Data Redis - Could not safely identify store assignment for repository candidate interface com.expense_management_service.repository.ExchangeRateRepository; If you want this repository to be a Redis repository, consider annotating your entities with one of these annotations: org.springframework.data.redis.core.RedisHash (preferred), or consider extending one of the following types with your repository: org.springframework.data.keyvalue.repository.KeyValueRepository
2026-07-29T19:49:33.966+05:30  INFO 49044 --- [expense-management-service] [  restartedMain] .RepositoryConfigurationExtensionSupport : Spring Data Redis - Could not safely identify store assignment for repository candidate interface com.expense_management_service.repository.ExpenseCategoryRepository; If you want this repository to be a Redis repository, consider annotating your entities with one of these annotations: org.springframework.data.redis.core.RedisHash (preferred), or consider extending one of the following types with your repository: org.springframework.data.keyvalue.repository.KeyValueRepository
2026-07-29T19:49:33.967+05:30  INFO 49044 --- [expense-management-service] [  restartedMain] .RepositoryConfigurationExtensionSupport : Spring Data Redis - Could not safely identify store assignment for repository candidate interface com.expense_management_service.repository.ExpenseLineItemRepository; If you want this repository to be a Redis repository, consider annotating your entities with one of these annotations: org.springframework.data.redis.core.RedisHash (preferred), or consider extending one of the following types with your repository: org.springframework.data.keyvalue.repository.KeyValueRepository
2026-07-29T19:49:33.969+05:30  INFO 49044 --- [expense-management-service] [  restartedMain] .RepositoryConfigurationExtensionSupport : Spring Data Redis - Could not safely identify store assignment for repository candidate interface com.expense_management_service.repository.ExpenseReportRepository; If you want this repository to be a Redis repository, consider annotating your entities with one of these annotations: org.springframework.data.redis.core.RedisHash (preferred), or consider extending one of the following types with your repository: org.springframework.data.keyvalue.repository.KeyValueRepository
2026-07-29T19:49:33.970+05:30  INFO 49044 --- [expense-management-service] [  restartedMain] .RepositoryConfigurationExtensionSupport : Spring Data Redis - Could not safely identify store assignment for repository candidate interface com.expense_management_service.repository.GlAccountRepository; If you want this repository to be a Redis repository, consider annotating your entities with one of these annotations: org.springframework.data.redis.core.RedisHash (preferred), or consider extending one of the following types with your repository: org.springframework.data.keyvalue.repository.KeyValueRepository
2026-07-29T19:49:33.971+05:30  INFO 49044 --- [expense-management-service] [  restartedMain] .RepositoryConfigurationExtensionSupport : Spring Data Redis - Could not safely identify store assignment for repository candidate interface com.expense_management_service.repository.IntegrationSyncRepository; If you want this repository to be a Redis repository, consider annotating your entities with one of these annotations: org.springframework.data.redis.core.RedisHash (preferred), or consider extending one of the following types with your repository: org.springframework.data.keyvalue.repository.KeyValueRepository
2026-07-29T19:49:33.972+05:30  INFO 49044 --- [expense-management-service] [  restartedMain] .RepositoryConfigurationExtensionSupport : Spring Data Redis - Could not safely identify store assignment for repository candidate interface com.expense_management_service.repository.InvoiceSyncRepository; If you want this repository to be a Redis repository, consider annotating your entities with one of these annotations: org.springframework.data.redis.core.RedisHash (preferred), or consider extending one of the following types with your repository: org.springframework.data.keyvalue.repository.KeyValueRepository
2026-07-29T19:49:33.973+05:30  INFO 49044 --- [expense-management-service] [  restartedMain] .RepositoryConfigurationExtensionSupport : Spring Data Redis - Could not safely identify store assignment for repository candidate interface com.expense_management_service.repository.NotificationRepository; If you want this repository to be a Redis repository, consider annotating your entities with one of these annotations: org.springframework.data.redis.core.RedisHash (preferred), or consider extending one of the following types with your repository: org.springframework.data.keyvalue.repository.KeyValueRepository
2026-07-29T19:49:33.974+05:30  INFO 49044 --- [expense-management-service] [  restartedMain] .RepositoryConfigurationExtensionSupport : Spring Data Redis - Could not safely identify store assignment for repository candidate interface com.expense_management_service.repository.PolicyRuleRepository; If you want this repository to be a Redis repository, consider annotating your entities with one of these annotations: org.springframework.data.redis.core.RedisHash (preferred), or consider extending one of the following types with your repository: org.springframework.data.keyvalue.repository.KeyValueRepository
2026-07-29T19:49:33.974+05:30  INFO 49044 --- [expense-management-service] [  restartedMain] .RepositoryConfigurationExtensionSupport : Spring Data Redis - Could not safely identify store assignment for repository candidate interface com.expense_management_service.repository.PolicyViolationRepository; If you want this repository to be a Redis repository, consider annotating your entities with one of these annotations: org.springframework.data.redis.core.RedisHash (preferred), or consider extending one of the following types with your repository: org.springframework.data.keyvalue.repository.KeyValueRepository
2026-07-29T19:49:33.976+05:30  INFO 49044 --- [expense-management-service] [  restartedMain] .RepositoryConfigurationExtensionSupport : Spring Data Redis - Could not safely identify store assignment for repository candidate interface com.expense_management_service.repository.ProjectCacheRepository; If you want this repository to be a Redis repository, consider annotating your entities with one of these annotations: org.springframework.data.redis.core.RedisHash (preferred), or consider extending one of the following types with your repository: org.springframework.data.keyvalue.repository.KeyValueRepository
2026-07-29T19:49:33.977+05:30  INFO 49044 --- [expense-management-service] [  restartedMain] .RepositoryConfigurationExtensionSupport : Spring Data Redis - Could not safely identify store assignment for repository candidate interface com.expense_management_service.repository.ReceiptOcrRepository; If you want this repository to be a Redis repository, consider annotating your entities with one of these annotations: org.springframework.data.redis.core.RedisHash (preferred), or consider extending one of the following types with your repository: org.springframework.data.keyvalue.repository.KeyValueRepository
2026-07-29T19:49:33.978+05:30  INFO 49044 --- [expense-management-service] [  restartedMain] .RepositoryConfigurationExtensionSupport : Spring Data Redis - Could not safely identify store assignment for repository candidate interface com.expense_management_service.repository.ReceiptRepository; If you want this repository to be a Redis repository, consider annotating your entities with one of these annotations: org.springframework.data.redis.core.RedisHash (preferred), or consider extending one of the following types with your repository: org.springframework.data.keyvalue.repository.KeyValueRepository
2026-07-29T19:49:33.979+05:30  INFO 49044 --- [expense-management-service] [  restartedMain] .RepositoryConfigurationExtensionSupport : Spring Data Redis - Could not safely identify store assignment for repository candidate interface com.expense_management_service.repository.SavedFilterRepository; If you want this repository to be a Redis repository, consider annotating your entities with one of these annotations: org.springframework.data.redis.core.RedisHash (preferred), or consider extending one of the following types with your repository: org.springframework.data.keyvalue.repository.KeyValueRepository
2026-07-29T19:49:33.980+05:30  INFO 49044 --- [expense-management-service] [  restartedMain] .RepositoryConfigurationExtensionSupport : Spring Data Redis - Could not safely identify store assignment for repository candidate interface com.expense_management_service.repository.SystemConfigurationRepository; If you want this repository to be a Redis repository, consider annotating your entities with one of these annotations: org.springframework.data.redis.core.RedisHash (preferred), or consider extending one of the following types with your repository: org.springframework.data.keyvalue.repository.KeyValueRepository
2026-07-29T19:49:33.981+05:30  INFO 49044 --- [expense-management-service] [  restartedMain] .RepositoryConfigurationExtensionSupport : Spring Data Redis - Could not safely identify store assignment for repository candidate interface com.expense_management_service.repository.VerificationQueryRepository; If you want this repository to be a Redis repository, consider annotating your entities with one of these annotations: org.springframework.data.redis.core.RedisHash (preferred), or consider extending one of the following types with your repository: org.springframework.data.keyvalue.repository.KeyValueRepository
2026-07-29T19:49:33.982+05:30  INFO 49044 --- [expense-management-service] [  restartedMain] .s.d.r.c.RepositoryConfigurationDelegate : Finished Spring Data repository scanning in 103 ms. Found 0 Redis repository interfaces.
2026-07-29T19:49:39.853+05:30  INFO 49044 --- [expense-management-service] [  restartedMain] o.s.boot.tomcat.TomcatWebServer          : Tomcat initialized with port 8080 (http)
2026-07-29T19:49:39.941+05:30  INFO 49044 --- [expense-management-service] [  restartedMain] o.apache.catalina.core.StandardService   : Starting service [Tomcat]
2026-07-29T19:49:39.943+05:30  INFO 49044 --- [expense-management-service] [  restartedMain] o.apache.catalina.core.StandardEngine    : Starting Servlet engine: [Apache Tomcat/11.0.22]
2026-07-29T19:49:40.668+05:30  INFO 49044 --- [expense-management-service] [  restartedMain] b.w.c.s.WebApplicationContextInitializer : Root WebApplicationContext: initialization completed in 21220 ms
2026-07-29T19:49:41.468+05:30 DEBUG 49044 --- [expense-management-service] [  restartedMain] o.s.w.f.ServerHttpObservationFilter      : Filter 'webMvcObservationFilter' configured for use
2026-07-29T19:49:41.998+05:30  INFO 49044 --- [expense-management-service] [  restartedMain] com.zaxxer.hikari.HikariDataSource       : ExpenseManagementPool - Starting...
2026-07-29T19:49:43.180+05:30  INFO 49044 --- [expense-management-service] [  restartedMain] com.zaxxer.hikari.pool.HikariPool        : ExpenseManagementPool - Added connection com.mysql.cj.jdbc.ConnectionImpl@38fdc891
2026-07-29T19:49:43.184+05:30  INFO 49044 --- [expense-management-service] [  restartedMain] com.zaxxer.hikari.HikariDataSource       : ExpenseManagementPool - Start completed.
2026-07-29T19:49:43.312+05:30  INFO 49044 --- [expense-management-service] [  restartedMain] org.flywaydb.core.FlywayExecutor         : Database: jdbc:mysql://mysql-2652f645-expensemanagement.d.aivencloud.com:18971/expense_management?sslMode=REQUIRED&serverTimezone=UTC (MySQL 8.4)
2026-07-29T19:49:44.443+05:30  INFO 49044 --- [expense-management-service] [  restartedMain] o.f.core.internal.command.DbValidate     : Successfully validated 5 migrations (execution time 00:00.408s)
2026-07-29T19:49:45.188+05:30  INFO 49044 --- [expense-management-service] [  restartedMain] o.f.core.internal.command.DbMigrate      : Current version of schema `expense_management`: 5
2026-07-29T19:49:45.241+05:30  INFO 49044 --- [expense-management-service] [  restartedMain] o.f.core.internal.command.DbMigrate      : Schema `expense_management` is up to date. No migration necessary.
2026-07-29T19:49:46.114+05:30  INFO 49044 --- [expense-management-service] [  restartedMain] org.hibernate.orm.jpa                    : HHH008540: Processing PersistenceUnitInfo [name: default]
2026-07-29T19:49:47.218+05:30  INFO 49044 --- [expense-management-service] [  restartedMain] o.s.o.j.p.SpringPersistenceUnitInfo      : No LoadTimeWeaver setup: ignoring JPA class transformer
2026-07-29T19:49:47.384+05:30  WARN 49044 --- [expense-management-service] [  restartedMain] org.hibernate.orm.deprecation            : HHH90000025: MySQLDialect does not need to be specified explicitly using 'hibernate.dialect' (remove the property setting and it will be selected by default)
2026-07-29T19:49:47.439+05:30  INFO 49044 --- [expense-management-service] [  restartedMain] org.hibernate.orm.connections.pooling    : HHH10001005: Database info:
	Database JDBC URL [jdbc:mysql://mysql-2652f645-expensemanagement.d.aivencloud.com:18971/expense_management?sslMode=REQUIRED&serverTimezone=UTC]
	Database driver: MySQL Connector/J
	Database dialect: MySQLDialect
	Database version: 8.4.8
	Default catalog/schema: expense_management/undefined
	Autocommit mode: undefined/unknown
	Isolation level: REPEATABLE_READ [default REPEATABLE_READ]
	JDBC fetch size: none
	Pool: DataSourceConnectionProvider
	Minimum pool size: undefined/unknown
	Maximum pool size: undefined/unknown
2026-07-29T19:49:51.992+05:30  INFO 49044 --- [expense-management-service] [  restartedMain] org.hibernate.orm.core                   : HHH000489: No JTA platform available (set 'hibernate.transaction.jta.platform' to enable JTA platform integration)
2026-07-29T19:49:52.529+05:30  INFO 49044 --- [expense-management-service] [  restartedMain] j.LocalContainerEntityManagerFactoryBean : Initialized JPA EntityManagerFactory for persistence unit 'default'
2026-07-29T19:49:58.571+05:30 DEBUG 49044 --- [expense-management-service] [  restartedMain] swordEncoderAuthenticationManagerBuilder : No authenticationProviders and no parentAuthenticationManager defined. Returning null.
2026-07-29T19:49:59.239+05:30 DEBUG 49044 --- [expense-management-service] [  restartedMain] o.s.s.web.DefaultSecurityFilterChain     : Will secure any request with filters: DisableEncodeUrlFilter, WebAsyncManagerIntegrationFilter, SecurityContextHolderFilter, HeaderWriterFilter, CorsFilter, LogoutFilter, OAuth2ProtectedResourceMetadataFilter, BearerTokenAuthenticationFilter, RequestCacheAwareFilter, SecurityContextHolderAwareRequestFilter, AnonymousAuthenticationFilter, SessionManagementFilter, ExceptionTranslationFilter, AuthorizationFilter
2026-07-29T19:49:59.750+05:30 DEBUG 49044 --- [expense-management-service] [  restartedMain] s.w.s.m.m.a.RequestMappingHandlerMapping : 146 mappings in 'requestMappingHandlerMapping'
2026-07-29T19:49:59.846+05:30 DEBUG 49044 --- [expense-management-service] [  restartedMain] o.s.w.s.handler.SimpleUrlHandlerMapping  : Patterns [/webjars/**, /**, /swagger-ui*/*swagger-initializer.js, /swagger-ui*/**] in 'resourceHandlerMapping'
2026-07-29T19:49:59.900+05:30 DEBUG 49044 --- [expense-management-service] [  restartedMain] s.w.s.m.m.a.RequestMappingHandlerAdapter : ControllerAdvice beans: 0 @ModelAttribute, 0 @InitBinder, 2 RequestBodyAdvice, 1 ResponseBodyAdvice
2026-07-29T19:49:59.966+05:30 DEBUG 49044 --- [expense-management-service] [  restartedMain] .m.m.a.ExceptionHandlerExceptionResolver : ControllerAdvice beans: 2 @ExceptionHandler, 1 ResponseBodyAdvice
2026-07-29T19:50:01.749+05:30  INFO 49044 --- [expense-management-service] [  restartedMain] o.s.b.a.e.web.EndpointLinksResolver      : Exposing 2 endpoints beneath base path '/actuator'
2026-07-29T19:50:02.193+05:30  INFO 49044 --- [expense-management-service] [  restartedMain] o.s.boot.tomcat.TomcatWebServer          : Tomcat started on port 8080 (http) with context path '/'
2026-07-29T19:50:02.213+05:30  INFO 49044 --- [expense-management-service] [  restartedMain] o.a.kafka.common.config.AbstractConfig   : ConsumerConfig values: 
	allow.auto.create.topics = true
	auto.commit.interval.ms = 5000
	auto.offset.reset = earliest
	bootstrap.servers = [localhost:19092]
	check.crcs = true
	client.dns.lookup = use_all_dns_ips
	client.id = consumer-xms-employee-consumer-6
	client.rack = 
	config.providers = []
	connections.max.idle.ms = 540000
	default.api.timeout.ms = 60000
	enable.auto.commit = false
	enable.metrics.push = true
	exclude.internal.topics = true
	fetch.max.bytes = 52428800
	fetch.max.wait.ms = 500
	fetch.min.bytes = 1
	group.id = xms-employee-consumer
	group.instance.id = null
	group.protocol = classic
	group.remote.assignor = null
	heartbeat.interval.ms = 3000
	interceptor.classes = []
	internal.throw.on.fetch.stable.offset.unsupported = false
	isolation.level = read_uncommitted
	key.deserializer = class org.apache.kafka.common.serialization.StringDeserializer
	max.partition.fetch.bytes = 1048576
	max.poll.interval.ms = 300000
	max.poll.records = 500
	metadata.max.age.ms = 300000
	metadata.recovery.rebootstrap.trigger.ms = 300000
	metadata.recovery.strategy = rebootstrap
	metric.reporters = [org.apache.kafka.common.metrics.JmxReporter]
	metrics.num.samples = 2
	metrics.recording.level = INFO
	metrics.sample.window.ms = 30000
	partition.assignment.strategy = [class org.apache.kafka.clients.consumer.RangeAssignor, class org.apache.kafka.clients.consumer.CooperativeStickyAssignor]
	receive.buffer.bytes = 65536
	reconnect.backoff.max.ms = 1000
	reconnect.backoff.ms = 50
	request.timeout.ms = 30000
	retry.backoff.max.ms = 1000
	retry.backoff.ms = 100
	sasl.client.callback.handler.class = null
	sasl.jaas.config = null
	sasl.kerberos.kinit.cmd = /usr/bin/kinit
	sasl.kerberos.min.time.before.relogin = 60000
	sasl.kerberos.service.name = null
	sasl.kerberos.ticket.renew.jitter = 0.05
	sasl.kerberos.ticket.renew.window.factor = 0.8
	sasl.login.callback.handler.class = null
	sasl.login.class = null
	sasl.login.connect.timeout.ms = null
	sasl.login.read.timeout.ms = null
	sasl.login.refresh.buffer.seconds = 300
	sasl.login.refresh.min.period.seconds = 60
	sasl.login.refresh.window.factor = 0.8
	sasl.login.refresh.window.jitter = 0.05
	sasl.login.retry.backoff.max.ms = 10000
	sasl.login.retry.backoff.ms = 100
	sasl.mechanism = GSSAPI
	sasl.oauthbearer.assertion.algorithm = RS256
	sasl.oauthbearer.assertion.claim.aud = null
	sasl.oauthbearer.assertion.claim.exp.seconds = 300
	sasl.oauthbearer.assertion.claim.iss = null
	sasl.oauthbearer.assertion.claim.jti.include = false
	sasl.oauthbearer.assertion.claim.nbf.seconds = 60
	sasl.oauthbearer.assertion.claim.sub = null
	sasl.oauthbearer.assertion.file = null
	sasl.oauthbearer.assertion.private.key.file = null
	sasl.oauthbearer.assertion.private.key.passphrase = null
	sasl.oauthbearer.assertion.template.file = null
	sasl.oauthbearer.client.credentials.client.id = null
	sasl.oauthbearer.client.credentials.client.secret = null
	sasl.oauthbearer.clock.skew.seconds = 30
	sasl.oauthbearer.expected.audience = []
	sasl.oauthbearer.expected.issuer = null
	sasl.oauthbearer.header.urlencode = false
	sasl.oauthbearer.jwks.endpoint.refresh.ms = 3600000
	sasl.oauthbearer.jwks.endpoint.retry.backoff.max.ms = 10000
	sasl.oauthbearer.jwks.endpoint.retry.backoff.ms = 100
	sasl.oauthbearer.jwks.endpoint.url = null
	sasl.oauthbearer.jwt.retriever.class = class org.apache.kafka.common.security.oauthbearer.DefaultJwtRetriever
	sasl.oauthbearer.jwt.validator.class = class org.apache.kafka.common.security.oauthbearer.DefaultJwtValidator
	sasl.oauthbearer.scope = null
	sasl.oauthbearer.scope.claim.name = scope
	sasl.oauthbearer.sub.claim.name = sub
	sasl.oauthbearer.token.endpoint.url = null
	security.protocol = PLAINTEXT
	security.providers = null
	send.buffer.bytes = 131072
	session.timeout.ms = 45000
	share.acknowledgement.mode = implicit
	share.acquire.mode = BATCH_OPTIMIZED
	socket.connection.setup.timeout.max.ms = 30000
	socket.connection.setup.timeout.ms = 10000
	ssl.cipher.suites = []
	ssl.enabled.protocols = [TLSv1.2, TLSv1.3]
	ssl.endpoint.identification.algorithm = https
	ssl.engine.factory.class = null
	ssl.key.password = null
	ssl.keymanager.algorithm = SunX509
	ssl.keystore.certificate.chain = null
	ssl.keystore.key = null
	ssl.keystore.location = null
	ssl.keystore.password = null
	ssl.keystore.type = JKS
	ssl.protocol = TLSv1.3
	ssl.provider = null
	ssl.secure.random.implementation = null
	ssl.trustmanager.algorithm = PKIX
	ssl.truststore.certificates = null
	ssl.truststore.location = null
	ssl.truststore.password = null
	ssl.truststore.type = JKS
	value.deserializer = class org.apache.kafka.common.serialization.StringDeserializer

2026-07-29T19:50:02.218+05:30  INFO 49044 --- [expense-management-service] [  restartedMain] o.a.k.c.t.i.KafkaMetricsCollector        : initializing Kafka metrics collector
2026-07-29T19:50:02.266+05:30  INFO 49044 --- [expense-management-service] [  restartedMain] o.a.kafka.common.utils.AppInfoParser     : Kafka version: 4.2.1
2026-07-29T19:50:02.267+05:30  INFO 49044 --- [expense-management-service] [  restartedMain] o.a.kafka.common.utils.AppInfoParser     : Kafka commitId: 92f61c44867f39dc
2026-07-29T19:50:02.267+05:30  INFO 49044 --- [expense-management-service] [  restartedMain] o.a.kafka.common.utils.AppInfoParser     : Kafka startTimeMs: 1785334802266
2026-07-29T19:50:02.272+05:30  INFO 49044 --- [expense-management-service] [  restartedMain] o.a.k.c.c.i.ClassicKafkaConsumer         : [Consumer clientId=consumer-xms-employee-consumer-6, groupId=xms-employee-consumer] Subscribed to topic(s): eos_dev.eos.employee_details
2026-07-29T19:50:02.302+05:30  INFO 49044 --- [expense-management-service] [  restartedMain] c.e.ExpenseManagementServiceApplication  : Started ExpenseManagementServiceApplication in 44.435 seconds (process running for 4232.109)
2026-07-29T19:50:02.310+05:30  INFO 49044 --- [expense-management-service] [  restartedMain] .ConditionEvaluationDeltaLoggingListener : Condition evaluation unchanged
2026-07-29T19:50:03.590+05:30  INFO 49044 --- [expense-management-service] [ntainer#0-0-C-1] org.apache.kafka.clients.Metadata        : [Consumer clientId=consumer-xms-employee-consumer-6, groupId=xms-employee-consumer] Cluster ID: redpanda.7de2bd9a-deb3-452b-a588-54332c0a33b8
2026-07-29T19:50:03.616+05:30  INFO 49044 --- [expense-management-service] [ntainer#0-0-C-1] o.a.k.c.c.internals.ConsumerCoordinator  : [Consumer clientId=consumer-xms-employee-consumer-6, groupId=xms-employee-consumer] Discovered group coordinator localhost:19092 (id: 2147483647 rack: null isFenced: false)
2026-07-29T19:50:03.620+05:30  INFO 49044 --- [expense-management-service] [ntainer#0-0-C-1] o.a.k.c.c.internals.ConsumerCoordinator  : [Consumer clientId=consumer-xms-employee-consumer-6, groupId=xms-employee-consumer] (Re-)joining group
2026-07-29T19:50:04.134+05:30  INFO 49044 --- [expense-management-service] [ntainer#0-0-C-1] o.a.k.c.c.internals.ConsumerCoordinator  : [Consumer clientId=consumer-xms-employee-consumer-6, groupId=xms-employee-consumer] Request joining group due to: need to re-join with the given member-id: consumer-xms-employee-consumer-6-d9f38214-a68e-4046-856e-24774e100be3
2026-07-29T19:50:04.165+05:30  INFO 49044 --- [expense-management-service] [ntainer#0-0-C-1] o.a.k.c.c.internals.ConsumerCoordinator  : [Consumer clientId=consumer-xms-employee-consumer-6, groupId=xms-employee-consumer] (Re-)joining group
2026-07-29T19:50:04.248+05:30  INFO 49044 --- [expense-management-service] [ntainer#0-0-C-1] o.a.k.c.c.internals.ConsumerCoordinator  : [Consumer clientId=consumer-xms-employee-consumer-6, groupId=xms-employee-consumer] Successfully joined group with generation Generation{generationId=29, memberId='consumer-xms-employee-consumer-6-d9f38214-a68e-4046-856e-24774e100be3', protocol='range'}
2026-07-29T19:50:04.249+05:30  INFO 49044 --- [expense-management-service] [ntainer#0-0-C-1] o.a.k.c.c.internals.ConsumerCoordinator  : [Consumer clientId=consumer-xms-employee-consumer-6, groupId=xms-employee-consumer] Finished assignment for group at generation 29: {consumer-xms-employee-consumer-6-d9f38214-a68e-4046-856e-24774e100be3=Assignment(partitions=[eos_dev.eos.employee_details-0])}
2026-07-29T19:50:04.545+05:30  INFO 49044 --- [expense-management-service] [ntainer#0-0-C-1] o.a.k.c.c.internals.ConsumerCoordinator  : [Consumer clientId=consumer-xms-employee-consumer-6, groupId=xms-employee-consumer] Successfully synced group in generation Generation{generationId=29, memberId='consumer-xms-employee-consumer-6-d9f38214-a68e-4046-856e-24774e100be3', protocol='range'}
2026-07-29T19:50:04.547+05:30  INFO 49044 --- [expense-management-service] [ntainer#0-0-C-1] o.a.k.c.c.internals.ConsumerCoordinator  : [Consumer clientId=consumer-xms-employee-consumer-6, groupId=xms-employee-consumer] Notifying assignor about the new Assignment(partitions=[eos_dev.eos.employee_details-0])
2026-07-29T19:50:04.547+05:30  INFO 49044 --- [expense-management-service] [ntainer#0-0-C-1] k.c.c.i.ConsumerRebalanceListenerInvoker : [Consumer clientId=consumer-xms-employee-consumer-6, groupId=xms-employee-consumer] Adding newly assigned partitions: [eos_dev.eos.employee_details-0]
2026-07-29T19:50:04.601+05:30  INFO 49044 --- [expense-management-service] [ntainer#0-0-C-1] o.a.k.c.c.internals.ConsumerUtils        : Setting offset for partition eos_dev.eos.employee_details-0 to the committed offset FetchPosition{offset=5, offsetEpoch=Optional.empty, currentLeader=LeaderAndEpoch{leader=Optional[localhost:19092 (id: 0 rack: null isFenced: false)], epoch=absent}}
2026-07-29T19:50:04.705+05:30  INFO 49044 --- [expense-management-service] [ntainer#0-0-C-1] o.s.k.l.KafkaMessageListenerContainer    : xms-employee-consumer: partitions assigned: [eos_dev.eos.employee_details-0]
